t,x_1,x_2,x_3,y
0,-1.38968610031483,2.29343822926194,-0.850365300630481,-3.14071571938516
0.0293308890925756,-1.38277599957409,2.58598330526399,-0.850363158340314,-2.41665544932789
0.0586617781851512,-1.37596366924131,2.8219321731173,-0.850356731469812,-1.82842545545357
0.0879926672777269,-1.36924507310488,2.99613154195178,-0.850346020018976,-1.38835123628612
0.117323556370302,-1.36261644524763,3.10477677381703,-0.850331023987805,-1.10552993882114
0.146654445462878,-1.35607426536458,3.14549497967761,-0.850311743376299,-0.985631305666763
0.175985334555454,-1.34961523690508,3.11739684499511,-0.850288178184459,-1.03077350705962
0.205316223648029,-1.34323626765407,3.02109605298928,-0.850260328412284,-1.2394765667307
0.234647112740605,-1.33693445242793,2.85869588136069,-0.850228194059775,-1.60669439627955
0.263978001833181,-1.33070705760995,2.63374326521172,-0.850191775126931,-2.12392473617699
0.293308890925756,-1.324551507292,2.3511513294645,-0.850151071613753,-2.77939460025854
0.322639780018332,-1.31846537082311,2.01709208272285,-0.85010608352024,-3.55831717175664
0.351970669110907,-1.31244635159408,1.63886161622029,-0.850056810846392,-4.44321453857042
0.381301558203483,-1.30649227691161,1.22472075200504,-0.85000325359221,-5.41429921766937
0.410632447296059,-1.30060108883508,0.783714620718798,-0.849945411757693,-6.44990613468069
0.439963336388634,-1.29477083586659,0.325475109518682,-0.849883285342842,-7.52696562286336
0.46929422548121,-1.28899966539912,-0.139989505179883,-0.849816874347656,-8.62150710989154
0.498625114573785,-1.28328581683975,-0.602513145569023,-0.849746178772136,-9.70918249072526
0.527956003666361,-1.27762761533598,-1.05199396680877,-0.849671198616281,-10.7657977549741
0.557286892758937,-1.27202346604131,-1.4786149884938,-0.849591933880092,-11.7678412569512
0.586617781851512,-1.26647184886486,-1.87305850447854,-0.849508384563568,-12.6929970900071
0.615948670944088,-1.26097131365581,-2.2267095881978,-0.849420550666709,-13.5206323521262
0.645279560036664,-1.25552047577941,-2.53184424878226,-0.849328432189516,-14.232247660051
0.674610449129239,-1.25011801204651,-2.78179812850542,-0.849232029131988,-14.8118810719282
0.703941338221815,-1.24476265696256,-2.97111205709008,-0.849131341494125,-15.2464565960979
0.73327222731439,-1.23945319926589,-3.09565128386491,-0.849026369275929,-15.5260696739658
0.762603116406966,-1.23418847872869,-3.15269578365605,-0.848917112477397,-15.64420340146
0.791934005499542,-1.22896738319647,-3.14099966406892,-0.848803571098531,-15.5978707663215
0.821264894592117,-1.22378884584481,-3.06081837666317,-0.84868574513933,-15.3876797943729
0.850595783684693,-1.21865184263414,-2.91390313770906,-0.848563634599795,-15.017820181653
0.879926672777269,-1.21355538994536,-2.70346268038032,-0.848437239479925,-14.4959717041346
0.909257561869844,-1.20849854238081,-2.43409317374236,-0.848306559779721,-13.8331364051913
0.93858845096242,-1.20348039071681,-2.11167783915526,-0.848171595499182,-13.04339822575
0.967919340054995,-1.19850005999498,-1.74325845654032,-0.848032346638309,-12.1436153267778
0.997250229147571,-1.19355670774119,-1.33688156690479,-0.847888813197101,-11.1530518238224
1.02658111824015,-1.18864952230178,-0.901422730170735,-0.847740995175558,-10.0929569766134
1.05591200733272,-1.18377772128775,-0.446392676641972,-0.847588892573681,-8.9861010243704
1.0852428964253,-1.17894055011855,0.0182704141013289,-0.847432505391469,-7.85627780435659
1.11457378551787,-1.17413728065763,0.482417970103799,-0.847271833628923,-6.72778501670995
1.14390467461045,-1.16936720993299,0.935912679054997,-0.847106877286042,-5.62489348681006
1.17323556370302,-1.16462965893615,1.36884989439088,-0.846937636362826,-4.57131701675126
1.2025664527956,-1.15992397149389,1.7717739598101,-0.846764110859276,-3.58969440463295
1.23189734188818,-1.15524951320734,2.13588472752405,-0.846586300775392,-2.70109494463163
1.26122823098075,-1.15060567045363,2.45322975973535,-0.846404206111173,-1.92455820798879
1.29055912007333,-1.14599184944564,2.71687801552806,-0.846217826866619,-1.27667815633505
1.3198900091659,-1.14140747534578,2.92107122972441,-0.846027163041731,-0.77124067052722
1.34922089825848,-1.13685199142996,3.06134967748646,-0.845832214636508,-0.418922411547074
1.37855178735105,-1.13232485829849,3.13464957787428,-0.84563298165095,-0.227057590479627
1.40788267644363,-1.12782555313058,3.13937000899796,-0.845429464085058,-0.199477741410793
1.43721356553621,-1.12335356897958,3.0754078732888,-0.845221661938832,-0.336427996652596
1.46654445462878,-1.11890841410634,2.94416014922346,-0.845009575212271,-0.634561692842827
1.49587534372136,-1.11448961134805,2.74849338032173,-0.844793203905375,-1.08701342566765
1.52520623281393,-1.11009669752041,2.49268106779992,-0.844572548018145,-1.68354895758531
1.55453712190651,-1.10572922285102,2.18231033426885,-0.84434760755058,-2.41078870440792
1.58386801099908,-1.1013867504418,1.82415989700738,-0.84411838250268,-3.25249991958689
1.61319890009166,-1.097068855759,1.42605201596214,-0.843884872874447,-4.18995119464329
1.64252978918423,-1.09277512614873,0.996681650034047,-0.843647078665878,-5.2023215331582
1.67186067827681,-1.08850516037673,0.545426552999819,-0.843404999876975,-6.26715506381526
1.70119156736939,-1.08425856819075,0.082142456708423,-0.843158636507737,-7.36085146120018
1.73052245646196,-1.08003496990429,-0.383052185103116,-0.842907988558165,-8.45918136318141
1.75985334555454,-1.07583399600042,-0.839997191026538,-0.842653056028258,-9.5378155277551
1.78918423464711,-1.07165528675446,-1.27871255756116,-0.842393838918017,-10.5728561721594
1.81851512373969,-1.06749849187451,-1.68961642947918,-0.842130337227441,-11.5413588894025
1.84784601283226,-1.06336327015873,-2.06373437434994,-0.84186255095653,-12.4218337431468
1.87717690192484,-1.05924928916849,-2.39289539051881,-0.841590480105285,-13.1947145966519
1.90650779101742,-1.0551562249165,-2.66991036758721,-0.841314124673706,-13.8427864252716
1.93583868010999,-1.05108376156902,-2.88872910169025,-0.841033484661791,-14.3515612796705
1.96516956920257,-1.04703159116144,-3.0445724362466,-0.840748560069542,-14.7095946884323
1.99450045829514,-1.04299941332652,-3.13403664213291,-0.840459350896959,-14.9087355895763
2.02383134738772,-1.03898693503454,-3.15516775754555,-0.840165857144041,-14.9443043322811
2.05316223648029,-1.03499387034478,-3.10750426391433,-0.839868078810789,-14.8151948611061
2.08249312557287,-1.03101994016775,-2.99208716579587,-0.839566015897202,-14.523898850918
2.11182401466544,-1.02706487203751,-2.81143725459468,-0.83925966840328,-14.076451265375
2.14115490375802,-1.02312839989368,-2.56950005268832,-0.838949036329024,-13.4822985279948
2.1704857928506,-1.0192102638726,-2.27155964041616,-0.838634119674433,-12.7540921850237
2.19981668194317,-1.01531021010709,-1.92412324801143,-0.838314918439508,-11.9074125666396
2.22914757103575,-1.01142799053452,-1.53477913307082,-0.837991432624248,-10.9604284819091
2.25847846012832,-1.00756336271271,-1.11203084761856,-0.837663662228653,-9.93350037998558
2.2878093492209,-1.00371608964321,-0.665111514490062,-0.837331607252724,-8.84873564477542
2.31714023831347,-0.999885939601708,-0.20378216937087,-0.836995267696461,-7.72950573573767
2.34647112740605,-0.996072685975178,0.261881427156067,-0.836654643559862,-6.59993572079194
2.37580201649863,-0.992276107105395,0.721708851378404,-0.83630973484293,-5.48437735028465
2.4051329055912,-0.988495986138595,1.1656571457324,-0.835960541545662,-4.40687718044001
2.43446379468378,-0.984732110880928,1.5840301641297,-0.83560706366806,-3.39065136284513
2.46379468377635,-0.980984273659464,1.96769034267516,-0.835249301210124,-2.45757857092822
2.49312557286893,-0.977252271188483,2.30825827055275,-0.834887254171853,-1.62772213826476
2.5224564619615,-0.973535904440802,2.59829570230979,-0.834520922553247,-0.918891845539226
2.55178735105408,-0.969834978523923,2.83146801442102,-0.834150306354307,-0.346254927036607
2.58111824014665,-0.966149302560764,3.00268255796598,-0.833775405575032,0.0779952074522822
2.61044912923923,-0.962478689574784,3.10819988569872,-0.833396220215423,0.344905299971953
2.63978001833181,-0.958822956379298,3.14571542423184,-0.833012750275479,0.448957804221088
2.66911090742438,-0.955181923470796,3.11440980755623,-0.832624995755201,0.388191406692404
2.69844179651696,-0.951555414926091,3.01496677257667,-0.832232956654588,0.164243876874882
2.72777268560953,-0.947943258303139,2.84955822581223,-0.83183663297364,-0.217683689352322
2.75710357470211,-0.94434528454535,2.62179680741513,-0.831436024712358,-0.748940452176579
2.78643446379468,-0.940761327889268,2.33665698854371,-0.831031131870741,-1.41761475543013
2.81576535288726,-0.93719122577545,2.00036642537902,-0.83062195444879,-2.20879427296987
2.84509624197984,-0.933634818762438,1.62026994269014,-0.830208492446504,-3.10489169207021
2.87442713107241,-0.93009195044366,1.20466911764428,-0.829790745863884,-4.08602882066502
2.90375802016499,-0.926562467367172,0.762640967464688,-0.829368714700929,-5.13047072925752
2.93308890925756,-0.9230462189581,0.303839700927063,-0.828942398957639,-6.21510044552363
2.96241979835014,-0.919543057443684,-0.161714136417595,-0.828511798634015,-7.31592383393578
2.99175068744271,-0.916052837780812,-0.623852518075429,-0.828076913730057,-8.40859363347106
3.02108157653529,-0.912575417585944,-1.07248201353082,-0.827637744245763,-9.46894120804277
3.05041246562786,-0.909110657067342,-1.49780423593828,-0.827194290181135,-10.4735043958424
3.07974335472044,-0.905658418959489,-1.89052984585099,-0.826746551536173,-11.4000399289817
3.10907424381302,-0.90221856845964,-2.24208143699264,-0.826294528310876,-12.2280092318222
3.13840513290559,-0.898790973166399,-2.54478087290308,-0.825838220505244,-12.9390269878041
3.16773602199817,-0.895375503020256,-2.79201698289243,-0.825377628119278,-13.5172626777542
3.19706691109074,-0.891972030245998,-2.97838995470495,-0.824912751152978,-13.9497863197844
3.22639780018332,-0.888580429296939,-3.09982927025419,-0.824443589606343,-14.226850859572
3.25572868927589,-0.885200576800877,-3.15368260862934,-0.823970143479373,-14.3421050434135
3.28505957836847,-0.88183235150773,-3.13877377466786,-0.823492412772068,-14.2927321247479
3.31439046746104,-0.878475634238782,-3.05542838789334,-0.82301039748443,-14.0795113746974
3.34372135655362,-0.87513030783748,-2.90546677075375,-0.822524097616456,-13.706801053187
3.3730522456462,-0.871796257121717,-2.69216419148623,-0.822033513168148,-13.1824432125622
3.40238313473877,-0.868473368837566,-2.42017932993234,-0.821538644139505,-12.5175924128579
3.43171402383135,-0.865161531614382,-2.09545252866123,-0.821039490530528,-11.7264720896944
3.46104491292392,-0.861860635921256,-1.72507605166842,-0.820536052341216,-10.8260638958961
3.4903758020165,-0.858570574024742,-1.31713918429252,-0.82002832957157,-9.83573680182834
3.51970669110907,-0.855291239947831,-0.880551557477499,-0.819516322221589,-8.77682405516147
3.54903758020165,-0.852022529430119,-0.424848555104329,-0.819000030291273,-7.67215723955872
3.57836846929423,-0.848764339889134,0.0400169455660472,-0.818479453780623,-6.54556760877314
3.6076993583868,-0.845516570382766,0.503891951801683,-0.817954592689639,-5.42136558736853
3.63703024747938,-0.842279121572781,0.956645103972643,-0.81742544701832,-4.32380980613549
3.66636113657195,-0.83905189568937,1.3883879516417,-0.816892016766666,-3.27657726884315
3.69569202566453,-0.835834796496693,1.78969092434571,-0.816354301934678,-2.30224622225853
3.7250229147571,-0.832627729259397,2.15178928011244,-0.815812302522354,-1.42180302391677
3.75435380384968,-0.829430600710068,2.46677453365088,-0.815266018529697,-0.654183777997911
3.78368469294225,-0.826243319017579,2.72776718328746,-0.814715449956705,-0.015860750305678
3.81301558203483,-0.823065793756314,2.92906696416917,-0.814160596803378,0.479517404663553
3.84234647112741,-0.819897935876236,3.06627734609686,-0.813601459069717,0.82142374686764
3.87167736021998,-0.81673965767377,3.13640155686772,-0.813038036755722,1.00268297329925
3.90100824931256,-0.813590872763466,3.13790803390878,-0.812470329861391,1.0196281383299
3.93033913840513,-0.810451496050435,3.0707638746914,-0.811898338386726,0.872180748936113
3.95967002749771,-0.807321443703514,2.93643555534588,-0.811322062331727,0.563852485473006
3.98900091659028,-0.80420063312915,2.73785690178108,-0.810741501696393,0.101668510414738
4.01833180568286,-0.801088982945966,2.4793650128427,-0.810156656480724,-0.503985959944825
4.04766269477544,-0.797986412960003,2.16660553499381,-0.809567526684721,-1.23959246984606
4.07699358386801,-0.794892844140604,1.80640935738592,-0.808974112308383,-2.08879457068368
4.10632447296059,-0.791808198596926,1.40664342038793,-0.808376413351711,-3.03275505149531
4.13565536205316,-0.788732399555057,0.976038896020495,-0.807774429814704,-4.05056735114876
4.16498625114574,-0.785665371335719,0.524000492957275,-0.807168161697363,-5.11971216669252
4.19431714023831,-0.782607039332545,0.0604010510073009,-0.806557608999687,-6.21654928521617
4.22364802933089,-0.779557329990904,-0.404634088719216,-0.805942771721676,-7.31683389726249
4.25297891842346,-0.776516170787254,-0.860948228452881,-0.805323649863331,-8.3962461151379
4.28230980751604,-0.77348349020903,-1.29857514325867,-0.804700243424651,-9.43092213106305
4.31164069660862,-0.770459217735012,-1.70795675046769,-0.804072552405637,-10.3979754142917
4.34097158570119,-0.767443283816201,-2.08015186499179,-0.803440576806288,-11.2759965638802
4.37030247479377,-0.764435619857149,-2.40703148115693,-0.802804316626605,-12.0455208999669
4.39963336388634,-0.761436158197762,-2.6814563159611,-0.802163771866587,-12.6894535810344
4.42896425297892,-0.758444832095539,-2.89743273608625,-0.801518942526234,-13.1934429622904
4.45829514207149,-0.755461575708242,-3.05024366310724,-0.800869828605547,-13.5461940407532
4.48762603116407,-0.752486324076989,-3.13655159783524,-0.800216430104526,-13.7397151411775
4.51695692025665,-0.749519013109747,-3.15447151367065,-0.799558747023169,-13.7694924550229
4.54628780934922,-0.74655957956523,-3.10361202692297,-0.798896779361479,-13.6345886204101
4.5756186984418,-0.743607961037166,-2.98508394490863,-0.798230527119453,-13.3376631900049
4.60494958753437,-0.740664095938945,-2.80147600513017,-0.797559990297093,-12.8849145397982
4.63428047662695,-0.737727923488627,-2.55679833541039,-0.796885168894399,-12.2859444875329
4.66361136571952,-0.734799383694298,-2.25639486985228,-0.79620606291137,-11.5535485776063
4.6929422548121,-0.731878417339768,-1.90682663352237,-0.795522672348006,-10.7034366127745
4.72227314390467,-0.728964965970603,-1.51572844500294,-0.794834997204308,-9.75388953644218
4.75160403299725,-0.726058971880474,-1.09164216653107,-0.794143037480275,-8.72536015947316
4.78093492208983,-0.723160378097822,-0.643830143660162,-0.793446793175908,-7.64002645192914
4.8102658111824,-0.720269128372825,-0.182072909053791,-0.792746264291206,-6.52130715616205
4.83959670027498,-0.717385167164664,0.283544431294756,-0.792041450826169,-5.39335030061311
4.86892758936755,-0.714508439629075,0.742852463940915,-0.791332352780798,-4.28050578553947
4.89825847846013,-0.711638891606175,1.18581957520193,-0.790618970155093,-3.20679355976968
4.9275893675527,-0.708776469608572,1.60277104872511,-0.789901302949052,-2.19537900388499
4.95692025664528,-0.705921120809727,1.98460036816509,-0.789179351162677,-1.2680669778287
4.98625114573785,-0.703072793032583,2.32296810996919,-0.788453114795968,-0.444825583303137
5.01558203483043,-0.700231434738437,2.61048408231139,-0.787722593848924,0.256649957679779
5.04491292392301,-0.697396995016063,2.84086873213105,-0.786987788321546,0.821323782892378
5.07424381301558,-0.694569423571065,3.00909029503225,-0.786248698213833,1.23714778763127
5.10357470210816,-0.691748670715467,3.11147469259224,-0.785505323525785,1.49532476766378
5.13290559120073,-0.688934687357526,3.14578577684394,-0.784757664257403,1.59050056015318
5.16223648029331,-0.686127424991761,3.11127416933588,-0.784005720408686,1.52088098606898
5.19156736938588,-0.683326835689201,3.00869362808988,-0.783249491979635,1.28827103997786
5.22089825847846,-0.680532872087833,2.84028458499045,-0.782488978970249,0.898035471283049
5.25022914757104,-0.677745487383262,2.60972521316104,-0.781724181380529,0.358981617846629
5.27956003666361,-0.67496463531956,2.32205109305036,-0.780955099210473,-0.31683294900766
5.30889092575619,-0.67219027018031,1.98354523177865,-0.780181732460084,-1.1143637669404
5.33822181484876,-0.669422346779838,1.60160083779921,-0.77940408112936,-2.01590806090498
5.36755270394134,-0.666660820454627,1.18455984797441,-0.778622145218301,-3.00149138093373
5.39688359303391,-0.663905647054906,0.741530733749217,-0.777835924726908,-4.04930385495764
5.42621448212649,-0.661156782936418,0.282189565665072,-0.77704541965518,-5.13617652858711
5.45554537121907,-0.65841418495235,-0.183431318893717,-0.776250630003117,-6.2380873882543
5.48487626031164,-0.655677810445435,-0.645162429074526,-0.77545155577072,-7.33068601581158
5.51420714940422,-0.652947617240209,-1.09291922946011,-0.774648196957989,-8.38982541575618
5.54353803849679,-0.650223563635425,-1.51692239348516,-0.773840553564923,-9.39208939959613
5.57286892758937,-0.647505608396625,-1.90791139087487,-0.773028625591522,-10.3153040089079
5.60219981668194,-0.644793710748856,-2.25734674420396,-0.772212413037787,-11.1390218072425
5.63153070577452,-0.642087830369533,-2.55759653714928,-0.771391915903717,-11.8449684635995
5.66086159486709,-0.639387927381442,-2.80210310096333,-0.770567134189313,-12.4174418737692
5.69019248395967,-0.636693962345886,-2.98552623861763,-0.769738067894573,-12.8436551024478
5.71952337305225,-0.634005896255964,-3.10385985849905,-0.7689047170195,-13.1140156560266
5.74885426214482,-0.631323690529977,-3.15451947029614,-0.768067081564092,-13.2223349865379
5.7781851512374,-0.628647307004973,-3.13639863210339,-0.767225161528349,-13.165963651042
5.80751604032997,-0.625976707930405,-3.04989311589827,-0.766378956912272,-12.9458491744791
5.83684692942255,-0.623311855961925,-2.8968922636002,-0.76552846771586,-12.5665153522178
5.86617781851512,-0.620652714155288,-2.68073772250098,-0.764673693939114,-12.0359634443488
5.8955087076077,-0.617999245960377,-2.40615046131433,-0.763814635582033,-11.3654974197085
5.92483959670028,-0.615351415215338,-2.07912766086586,-0.762951292644617,-10.569477066428
5.95417048579285,-0.612709186140838,-1.70681173140403,-0.762083665126867,-9.66500436124668
5.98350137488543,-0.610072523334416,-1.29733431728696,-0.761211753028783,-8.67154994750862
6.012832263978,-0.607441391764954,-0.859638696093722,-0.760335556350363,-7.61052787982543
6.04216315307058,-0.604815756767244,-0.4032844510895,-0.759455075091609,-6.50482792328503
6.07149404216315,-0.60219558403666,0.0617613168631171,-0.758570309252521,-5.37831562212308
6.10082493125573,-0.599580839623929,0.525341677866672,-0.757681258833098,-4.25531105671181
6.1301558203483,-0.59697148993,0.977331707552387,-0.756787923833341,-3.16005767318343
6.15948670944088,-0.594367501701004,1.40785962262018,-0.755890304253249,-2.11619278682632
6.18881759853346,-0.591768842023312,1.8075223875979,-0.754988400092822,-1.14623132383558
6.21814848762603,-0.589175478318679,2.16759108381509,-0.754082211352061,-0.271074076863949
6.24747937671861,-0.586587378339482,2.48020155518698,-0.753171738030965,0.490448785578643
6.27681026581118,-0.584004510164038,2.73852616696936,-0.752256980129535,1.12198898579869
6.30614115490376,-0.581426842192014,2.93692292615107,-0.75133793764777,1.61003719730973
6.33547204399633,-0.578854343139911,3.07105870658894,-0.75041461058567,1.94421810048792
6.36480293308891,-0.576286982036642,3.13800388756059,-0.749486998943236,2.11751698926768
6.39413382218148,-0.573724728219173,3.13629633876196,-0.748555102720468,2.12643297962668
6.42346471127406,-0.571167551328256,3.0659733542717,-0.747618921917364,1.97105547367825
6.45279560036664,-0.568615421304233,2.928570838022,-0.746678456533927,1.65506220934151
6.48212648945921,-0.566068308382907,2.72708975856574,-0.745733706570154,1.18563893818615
6.51145737855179,-0.563526183091498,2.46593060579171,-0.744784672026047,0.573322485744953
6.54078826764436,-0.560989016244662,2.15079728109971,-0.743831352901606,-0.168229378031151
6.57011915673694,-0.558456778940583,1.78857252014249,-0.74287374919683,-1.02253623198269
6.59945004582951,-0.555929442557127,1.38716756899019,-0.741911860911719,-1.97065494567993
6.62878093492209,-0.553406978748075,0.955349396896798,-0.740945688046274,-2.99159340870193
6.65811182401467,-0.550889359439407,0.502549219464391,-0.739975230600494,-4.06276901111481
6.68744271310724,-0.54837655682566,0.0386565141953079,-0.73900048857438,-5.16050186160965
6.71677360219982,-0.545868543366346,-0.426196972721054,-0.738021461967931,-6.26053197106515
6.74610449129239,-0.543365291782425,-0.881858510941671,-0.737038150781148,-7.33854910587862
6.77543538038497,-0.540866775052851,-1.31837612881214,-0.73605055501403,-8.37072373869176
6.80476626947754,-0.538372966411162,-1.72621597149657,-0.735058674666577,-9.33422750016999
6.83409715857012,-0.535883839342139,-2.09647052713917,-0.73406250973879,-10.2077317647987
6.86342804766269,-0.533399367578514,-2.42105317325023,-0.733062060230668,-10.9718734812278
6.89275893675527,-0.530919525097738,-2.69287479428529,-0.732057326142212,-11.6096780730995
6.92208982584785,-0.5284442861188,-2.90599861296412,-0.731048307473421,-12.1069301739038
6.95142071494042,-0.525973625099098,-3.05576985370337,-0.730035004224296,-12.4524840987491
6.980751604033,-0.523507516731369,-3.13891740622171,-0.729017416394836,-12.638507272124
7.01008249312557,-0.521045935940659,-3.15362526891185,-0.727995543985041,-12.6606512950144
7.03941338221815,-0.518588857881352,-3.09957221160553,-0.726969386994912,-12.5181469151491
7.06874427131072,-0.516136257934242,-2.97793879146858,-0.725938945424448,-12.2138208261544
7.0980751604033,-0.513688111703656,-2.79138156879391,-0.72490421927365,-11.7540339287146
7.12740604949588,-0.511244395014623,-2.54397508583765,-0.723865208542517,-11.1485424021552
7.15673693858845,-0.508805083910087,-2.24112287592218,-0.72282191323105,-10.4102846207465
7.18606782768103,-0.506370154648172,-1.88943944643014,-0.721774333339248,-9.55509856862566
7.2153987167736,-0.503939583699477,-1.49660581326491,-0.720722468867111,-8.60137592519524
7.24472960586618,-0.501513347744434,-1.07120174200737,-0.71966631981464,-7.56966037601966
7.27406049495875,-0.499091423670688,-0.622518359741349,-0.718605886181835,-6.48219892239419
7.30339138405133,-0.496673788570534,-0.16035523023857,-0.717541167968694,-5.36245598930398
7.3327222731439,-0.494260419738387,0.305193675474838,-0.716472165175219,-4.23460094400046
7.36205316223648,-0.491851294668296,0.763960438615361,-0.71539887780141,-3.12298021815301
7.39138405132906,-0.489446391051492,1.20592526721068,-0.714321305847266,-2.05158556280307
7.42071494042163,-0.48704568677398,1.62143533547349,-0.713239449312788,-1.04353004980984
7.45004582951421,-0.484649159914168,2.00141560837314,-0.712153308197975,-0.120543264288145
7.47937671860678,-0.482256788740527,2.33756704684679,-0.711062882502827,0.697503286606101
7.50870760769936,-0.479868551709298,2.62254786470738,-0.709968172227345,1.39303018313366
7.53803849679193,-0.477484427462221,2.85013387846892,-0.708869177371528,1.95113404159841
7.56736938588451,-0.475104394824314,3.01535444793488,-0.707765897935377,2.35991301643181
7.59670027497708,-0.472728432801673,3.11460103851077,-0.706658333918891,2.61072674653893
7.62603116406966,-0.470356520579317,3.14570603416284,-0.70554648532207,2.69838506849327
7.65536205316224,-0.467988637519055,3.10799007969195,-0.704430352144915,2.62126137495038
7.68469294225481,-0.465624763157393,3.00227691833365,-0.703309934387426,2.38132814245217
7.71402383134739,-0.463264877203471,2.83087540062084,-0.702185232049601,1.98411385266953
7.74335472043996,-0.460908959537034,2.59752905744808,-0.701056245131442,1.4385822479541
7.77268560953254,-0.458556990206422,2.30733433869785,-0.699922973632949,0.756936558343924
7.80201649862511,-0.45620894942661,1.96662930315506,-0.698785417554121,-0.0456470241556828
7.83134738771769,-0.453864817577255,1.58285519080118,-0.697643576894959,-0.951350802904899
7.86067827681027,-0.451524575200792,1.16439390084754,-0.696497451655462,-1.94010472631198
7.89000916590284,-0.449188203000545,0.720384925102789,-0.69534704183563,-2.9900247305601
7.91934005499542,-0.446855681838872,0.260525734979949,-0.694192347435464,-4.07789070166175
7.94867094408799,-0.444526992735336,-0.205140018167406,-0.693033368454963,-5.17965361780986
7.97800183318057,-0.442202116864903,-0.666441863524811,-0.691870104894128,-6.27096079567623
8.00733272227314,-0.439881035556167,-1.11330464112365,-0.690702556752958,-7.32768776890495
8.03666361136572,-0.437563730289597,-1.53596855049131,-0.689530724031454,-8.32646518219661
8.0659945004583,-0.435250182695821,-1.925202311626,-0.688354606729615,-9.24518919324206
8.09532538955087,-0.432940374553917,-2.27250478270901,-0.687174204847441,-10.0635042349648
8.12465627864345,-0.430634287789747,-2.57029063108043,-0.685989518384933,-10.7632475942016
8.15398716773602,-0.428331904474303,-2.81205600229242,-0.68480054734209,-11.3288460969072
8.1833180568286,-0.426033206822081,-2.99252056891,-0.683607291718913,-11.747656235996
8.21264894592117,-0.423738177189478,-3.10774285661301,-0.682409751515401,-12.0102403131875
8.24197983501375,-0.421446798073215,-3.15520632879476,-0.681207926731555,-12.1105725637204
8.27131072410632,-0.419159052108774,-3.13387434950916,-0.680001817367373,-12.0461707620263
8.3006416131989,-0.416874922068869,-3.04421282433609,-0.678791423422858,-11.8181504340001
8.32997250229148,-0.414594390861926,-2.88818002467252,-0.677576744898008,-11.4312004918344
8.35930339138405,-0.412317441530597,-2.66918381769435,-0.676357781792823,-10.8934808235676
8.38863428047663,-0.410044057250284,-2.39200723611655,-0.675134534107304,-10.2164440740654
8.4179651695692,-0.407774221327691,-2.06270401336131,-0.67390700184145,-9.41458550986371
8.44729605866178,-0.405507917199396,-1.68846636572003,-0.672675184995262,-8.50512643100299
8.47662694775435,-0.403245128430436,-1.27746790924086,-0.671439083568738,-7.50763804436437
8.50595783684693,-0.400985838712919,-0.838685142148514,-0.670198697561881,-6.44361401338094
8.53528872593951,-0.398730031864653,-0.381701391746818,-0.668954026974689,-5.33600101994151
8.56461961503208,-0.396477691827794,0.083502492256615,-0.667705071807162,-4.20869759134918
8.59395050412466,-0.394228802667511,0.54676612659749,-0.666451832059301,-3.08603213830893
8.62328139321723,-0.391983348570672,0.997971504442315,-0.665194307731105,-1.99223160396576
8.65261228230981,-0.389741313844546,1.42726397984454,-0.663932498822575,-0.9508923290754
8.68194317140238,-0.387502682915524,1.82526750021183,-0.66266640533371,0.0155353100116319
8.71127406049496,-0.385267440327856,2.18328938595464,-0.66139602726451,0.886237234680823
8.74060494958754,-0.383035570742407,2.49351018478283,-0.660121364614976,1.64249025947029
8.76993583868011,-0.380807058935428,2.7491544540979,-0.658842417385108,2.26807102088733
8.79926672777269,-0.378581889797346,2.94463874147207,-0.657559185574904,2.74961030832901
8.82859761686526,-0.376360048331567,3.07569353121518,-0.656271669184367,3.0768850582674
8.85792850595784,-0.374141519653298,3.13945649363008,-0.654979868213494,3.24304163433975
8.88725939505041,-0.371926288988383,3.13453500032636,-0.653683782662287,3.24474551674754
8.91659028414299,-0.369714341672155,3.06103654021353,-0.652383412530746,3.08225413164187
8.94592117323556,-0.367505663148305,2.92056637186695,-0.65107875781887,2.75941122984976
8.97525206232814,-0.365300238967762,2.71619246354027,-0.649769818526659,2.28356293771386
9.00458295142072,-0.36309805478759,2.45237848655958,-0.648456594654114,1.66539731355524
9.03391384051329,-0.360899096369903,2.13488632557113,-0.647139086201234,0.918710913960136
9.06324472960587,-0.358703349580789,1.77065023488786,-0.64581729316802,0.0601074682482878
9.09257561869844,-0.356510800389248,1.36762538944981,-0.644491215554471,-0.891364757712508
9.12190650779102,-0.354321434866152,0.934614138152786,-0.643160853360587,-1.91462898811438
9.15123739688359,-0.352135239183203,0.481073754296114,-0.641826206586369,-2.98704026792291
9.18056828597617,-0.349952199611926,0.0169098820162407,-0.640487275231817,-4.08488004374634
9.20989917506874,-0.347772302522651,-0.447739810017354,-0.63914405929693,-5.18387419286324
9.23923006416132,-0.34559553438353,-0.902727042486642,-0.637796558781708,-6.25972318628591
9.2685609532539,-0.34342188175955,-1.33811457105375,-0.636444773686151,-7.28863280672228
9.29789184234647,-0.341251331311573,-1.74439322283591,-0.635088704010261,-8.24783383017892
9.32722273143905,-0.33908386979537,-2.11268958349555,-0.633728349754035,-9.11607932098913
9.35655362053162,-0.336919484060691,-2.43495979891231,-0.632363710917475,-9.87410867898997
9.3858845096242,-0.334758161050325,-2.70416525867065,-0.63099478750058,-10.5050683037281
9.41521539871677,-0.332599887799182,-2.91442632431086,-0.629621579503351,-10.994879688089
9.44454628780935,-0.330444651433391,-3.06115074480943,-0.628244086925788,-11.3325469019237
9.47387717690192,-0.328292439169399,-3.14113395460325,-0.626862309767889,-11.5103967500117
9.5032080659945,-0.326143238313086,-3.15262906357779,-0.625476248029656,-11.5242463591395
9.53253895508708,-0.323997036258897,-3.09538501038796,-0.624085901711089,-11.373494534074
9.56186984417965,-0.321853820488973,-2.97065204581632,-0.622691270812187,-11.061134887152
9.59120073327223,-0.319713578572303,-2.78115442640781,-0.62129235533295,-10.5936904547245
9.6205316223648,-0.317576298163881,-2.53103091477184,-0.619889155273379,-9.98107122848086
9.64986251145738,-0.315441967003877,-2.22574438606707,-0.618481670633473,-9.23635771326866
9.67919340054995,-0.313310572916815,-1.87196251492762,-0.617069901413233,-8.37551523866058
9.70852428964253,-0.311182103810763,-1.47741214871301,-0.615653847612659,-7.41704526390663
9.7378551787351,-0.309056547676533,-1.05071054767328,-0.614233509231749,-6.38158129201871
9.76718606782768,-0.306933892586889,-0.601177177864352,-0.612808886270505,-5.29143821851171
9.79651695692026,-0.30481412669577,-0.13863016738967,-0.611379978728926,-4.1701249573439
9.82584784601283,-0.302697238237515,0.326828128491552,-0.609946786607013,-3.04183098865223
9.85517873510541,-0.300583215526101,0.785031769978897,-0.608509309904766,-1.93089804244534
9.88450962419798,-0.298472046954393,1.22597326407694,-0.607067548622183,-0.861288457056964
9.91384051329056,-0.296363720993398,1.64002213535068,-0.605621502759267,0.143938176211049
9.94317140238313,-0.294258226191533,2.01813526234959,-0.604171172316015,1.06312865180345
9.97250229147571,-0.292155551173896,2.35205438580357,-0.602716557292429,1.87650907215701
10.0018331805683,-0.290055684641552,2.63448647487123,-0.601257657688509,2.56661672451834
10.0311640696609,-0.287958615370824,2.85926301211378,-0.599794473504254,3.11868147983861
10.0604949587534,-0.285864332212591,3.02147471829745,-0.598327004739664,3.5209483837216
10.089825847846,-0.283772824091599,3.11757877453906,-0.59685525139474,3.76493439381036
10.1191567369386,-0.281684080005777,3.14547619998688,-0.595379213469481,3.84561365628507
10.1484876260312,-0.27959808902556,3.1045576950534,-0.593898890963887,3.76152727490225
10.1778185151237,-0.277514840293226,2.99571694895106,-0.59241428387796,3.5148151751414
10.2071494042163,-0.27543432302223,2.82133112088513,-0.590925392211697,3.11116936752362
10.2364802933089,-0.27335652649656,2.58520892120804,-0.5894322159651,2.55970963086433
10.2658111824015,-0.271281440070088,2.29250742648005,-0.587934755138168,1.87278433062671
10.295142071494,-0.269209053165934,1.94961944525397,-0.586433009730902,1.0657007226439
10.3244729605866,-0.267139355275839,1.56403389459561,-0.584926979743301,0.156390632569
10.3538038496792,-0.265072335959543,1.14417223681552,-0.583416665175366,-0.834981187149713
10.3831347387718,-0.263007984844168,0.699204548750369,-0.581902066027096,-1.88645746900542
10.4124656278643,-0.260946291623613,0.23884924077124,-0.580383182298492,-2.97476799197683
10.4417965169569,-0.258887246057955,-0.226839200201917,-0.578860013989552,-4.07583781891453
10.4711274060495,-0.256830837972852,-0.687689807836383,-0.577332561100279,-5.16531310950405
10.5004582951421,-0.25477705725896,-1.13363727751597,-0.575800823630671,-6.2190930246774
10.5297891842346,-0.252725893871351,-1.55494179974316,-0.574264801580728,-7.21385610530194
10.5591200733272,-0.250677337828938,-1.9424017844969,-0.572724494950451,-8.12756962866331
10.5884509624198,-0.248631379213915,-2.28755483049452,-0.571179903739839,-8.93997081803381
10.6177818515124,-0.246588008171189,-2.58286255004677,-0.569631027948892,-9.63300939536856
10.6471127406049,-0.244547214907832,-2.82187521279943,-0.568077867577611,-10.191241811463
10.6764436296975,-0.24250898969253,-2.99937261242557,-0.566520422625996,-10.602168543306
10.7057745187901,-0.240473322855042,-3.11147807963968,-0.564958693094045,-10.856507091814
10.7351054078827,-0.238440204785668,-3.15574315140848,-0.563392678981761,-10.9483947174824
10.7644362969753,-0.236409625934714,-3.13120104712276,-0.561822380289141,-10.875516486063
10.7937671860678,-0.234381576811975,-3.03838778377252,-0.560247797016188,-10.6391558276592
10.8230980751604,-0.232356047986212,-2.87933046895528,-0.558668929162899,-10.244166504992
10.852428964253,-0.230333030084645,-2.6575030274062,-0.557085776729276,-9.69886660307067
10.8817598533456,-0.228312513792442,-2.37775032801433,-0.555498339715318,-9.0148568556074
10.9110907424381,-0.226294489852223,-2.04618236844474,-0.553906618121026,-8.20676727605755
10.9404216315307,-0.224278949063565,-1.67004082844954,-0.5523106119464,-7.29193762704274
10.9697525206233,-0.222265882282507,-1.25754090643829,-0.550710321191438,-6.29003870693161
10.9990834097159,-0.220255280421075,-0.817691893709312,-0.549105745856142,-5.22264272494819
11.0284142988084,-0.218247134446794,-0.360100405128554,-0.547496885940512,-4.1127521481212
11.057745187901,-0.216241435382222,0.105239436162884,-0.545883741444547,-2.98429731039069
11.0870760769936,-0.214238174304478,0.568164277496922,-0.544266312368247,-1.86161375644679
11.1164069660862,-0.21223734234478,1.01856351152001,-0.542644598711613,-0.768910735481395
11.1457378551787,-0.210238930687985,1.44660009903926,-0.541018600474645,0.270257546672146
11.1750687442713,-0.208242930572141,1.8429254169458,-0.539388317657341,1.23350636878343
11.2043996333639,-0.206249333288031,2.19888343878383,-0.537753750259704,2.10010939309088
11.2337305224565,-0.204258130178736,2.50669978851686,-0.536114898281731,2.85145134389081
11.263061411549,-0.202269312639196,2.75965153842257,-0.534471761723424,3.47143457902776
11.2923923006416,-0.200282872115772,2.95221404260957,-0.532824340584783,3.94683067447581
11.3217231897342,-0.198298800105819,3.08018159920789,-0.531172634865806,4.26756934315424
11.3510540788268,-0.196317088157265,3.14075930588513,-0.529516644566496,4.42695837778516
11.3803849679193,-0.194337727868185,3.1326241024987,-0.527856369686851,4.42182981408508
11.4097158570119,-0.192360710886388,3.05595366766903,-0.526191810226871,4.25260912198231
11.4390467461045,-0.190386028909007,2.91242253815239,-0.524522966186556,3.92330591367506
11.4683776351971,-0.188413673682091,2.7051655357686,-0.522849837565907,3.44142637147294
11.4977085242896,-0.186443637000201,2.43870930066585,-0.521172424364924,2.81780930805966
11.5270394133822,-0.184475910706015,2.11887342628457,-0.519490726583606,2.0663894397379
11.5563703024748,-0.182510486689931,1.75264335530297,-0.517804744221953,1.20389304293625
11.5857011915674,-0.18054735688968,1.34801781260712,-0.516114477279966,0.249472641056535
11.6150320806599,-0.178586513289935,0.913834107457957,-0.514419925757644,-0.775711299639309
11.6443629697525,-0.176627947921938,0.459575120379727,-0.512721089654988,-1.84895252904479
11.6736938588451,-0.174671652863111,-0.00483780968635853,-0.511017968971997,-2.94649493324451
11.7030247479377,-0.172717620236692,-0.469261574471817,-0.509310563708671,-4.04405138432483
11.7323556370302,-0.170765842211358,-0.923552829070176,-0.507598873865011,-5.11733418791077
11.7616865261228,-0.168816311000865,-1.35778952979471,-0.505882899441017,-6.1425855430785
11.7910174152154,-0.166869018863679,-1.76248763866013,-0.504162640436687,-7.09709642902125
11.820348304308,-0.164923958102622,-2.12880826150883,-0.502438096852024,-7.95970258561649
11.8496791934006,-0.162981121064516,-2.44875069573765,-0.500709268687025,-8.71124675532551
11.8790100824931,-0.161040500139832,-2.71532717132558,-0.498976155941692,-9.33499709073415
11.9083409715857,-0.15910208776234,-2.92271546869463,-0.497238758616025,-9.8170125894173
11.9376718606783,-0.157165876408768,-3.06638608012085,-0.495497076710023,-10.1464475747693
11.9670027497709,-0.155231858598457,-3.14320113740042,-0.493751110223686,-10.3157885727234
11.9963336388634,-0.153300026893031,-3.15148294512008,-0.492000859157015,-10.3210184108034
12.025664527956,-0.151370373896056,-3.0910506227166,-0.490246323510009,-10.1617039554694
12.0549954170486,-0.149442892252711,-2.96322405503679,-0.488487503282669,-9.84100557150921
12.0843263061412,-0.147517574649468,-2.77079506511489,-0.486724398474994,-9.36560809687814
12.1136571952337,-0.145594413813756,-2.51796643877449,-0.484957009086985,-8.74557484054345
12.1429880843263,-0.143673402513651,-2.21026013280087,-0.483185335118641,-7.99412779212593
12.1723189734189,-0.141754533557555,-1.85439667148248,-0.481409376569962,-7.12735884371492
12.2016498625115,-0.13983779979388,-1.45814836558689,-0.479629133440949,-6.1638783309782
12.230980751604,-0.13792319411074,-1.03016955957291,-0.477844605731601,-5.12440856967822
12.2603116406966,-0.136010709435641,-0.579807614560244,-0.476055793441919,-4.03133126504559
12.2896425297892,-0.134100338735178,-0.116898755323325,-0.474262696571902,-2.9081986789114
12.3189734188818,-0.132192075014733,0.348446759844626,-0.472465315121551,-1.77921923105434
12.3483043079743,-0.130285911318173,0.806065454354081,-0.470663649090865,-0.668728769595316
12.3776351970669,-0.128381840727559,1.24596261086713,-0.468857698479844,0.399340941730684
12.4069660861595,-0.12647985636285,1.65853056302337,-0.467047463288489,1.40198491080955
12.4362969752521,-0.124579951381615,2.03475853369775,-0.465232943516799,2.31762736303023
12.4656278643446,-0.122682118978743,2.36642943677332,-0.463414139164775,3.12659297203819
12.4949587534372,-0.120786352386159,2.64629934413867,-0.461591050232416,3.81153658334633
12.5242896425298,-0.118892644872548,2.86825569822336,-0.459763676719723,4.3578220453347
12.5536205316224,-0.117000989743068,3.02745081459697,-0.457932018626695,4.75384187370017
12.5829514207149,-0.115111380339078,3.12040775884047,-0.456096075953332,4.99127076765833
12.6122823098075,-0.113223810037866,3.1450962852636,-0.454255848699635,5.06524744092294
12.6416131989001,-0.111338272252374,3.10097717891283,-0.452411336865603,4.97448079614574
12.6709440879927,-0.109454760430935,2.98901403240899,-0.450562540451237,4.72127812389127
12.7002749770852,-0.107573268057003,2.81165220039997,-0.448709459456536,4.31149471026091
12.7296058661778,-0.105693788648891,2.57276539127818,-0.446852093881501,3.75440595377161
12.7589367552704,-0.103816315759511,2.27757106263789,-0.444990443726131,3.06250478454783
12.788267644363,-0.101940842976119,1.93251646829525,-0.443124508990426,2.25122881033475
12.8175985334555,-0.100067363920052,1.54513784568547,-0.441254289674387,1.33862314865834
12.8469294225481,-0.0981958722464822,1.12389581908414,-0.439379785778014,0.344946309116935
12.8762603116407,-0.0963263616441632,0.677990613563493,-0.437500997301305,-0.7077722663846
12.9055912007333,-0.094458825835182,0.217161115541761,-0.435617924244263,-1.7962133418228
12.9349220898258,-0.0925932585747122,-0.248527831413757,-0.433730566606885,-2.89627719526569
12.9642529789184,-0.0907296536507719,-0.708905249919348,-0.431838924389173,-3.98360997345195
12.993583868011,-0.0888680048839815,-1.15391617014546,-0.429942997591127,-5.03413559678134
13.0229147571036,-0.0870083061273248,-1.57384123749991,-0.428042786212746,-6.02458159753343
13.0522456461962,-0.0851505512659124,-1.95950899023588,-0.42613829025403,-6.93298740663453
13.0815765352887,-0.0832947342167465,-2.30249617069104,-0.42422950971498,-7.7391839876287
13.1109074243813,-0.0814408489284892,-2.59531169521799,-0.422316444595595,-8.42523434230625
13.1402383134739,-0.0795888893812325,-2.8315602647721,-0.420399094895876,-8.97582526703383
13.1695692025665,-0.0777388495862691,-3.00608204278524,-0.418477460615822,-9.37860180354974
13.198900091659,-0.0758907235858678,-3.11506534966154,-0.416551541755433,-9.62443707958121
13.2282309807516,-0.0740445054530482,-3.15612991256719,-0.41462133831471,-9.70763164577323
13.2575618698442,-0.0722001892913607,-3.12837885227988,-0.412686850293653,-9.62603795526853
13.2868927589368,-0.0703577692346653,-3.03241827166806,-0.41074807769226,-9.38110726721641
13.3162236480293,-0.0685172394469144,-2.87034401797379,-0.408805020510534,-8.97785794980433
13.3455545371219,-0.0666785941219377,-2.64569590802025,-0.406857678748472,-8.42476587509669
13.3748854262145,-0.0648418274832273,-2.36338041609799,-0.404906052406077,-7.73357929953518
13.4042163153071,-0.0630069337837272,-2.02956351308133,-0.402950141483346,-6.91906227324227
13.4335472043996,-0.0611739073056228,-1.65153599724467,-0.400989945980281,-5.99867218225066
13.4628780934922,-0.0593427423601333,-1.23755425804957,-0.399025465896881,-4.99217846636561
13.4922089825848,-0.0575134332873056,-0.796659950734238,-0.397056701233147,-3.92123084013275
13.5215398716774,-0.05568597445581,-0.33848252014084,-0.395083651989079,-2.80888644727214
13.5508707607699,-0.0538603602627384,0.126971113199747,-0.393106318164675,-1.67910627586161
13.5802016498625,-0.0520365851334036,0.589535111320303,-0.391124699759937,-0.556231832919439
13.6095325389551,-0.0502146435211407,1.03910674793935,-0.389138796774865,0.535546491814845
13.6388634280477,-0.0483945299071106,1.46586705917915,-0.387148609209458,1.57271776158879
13.6681943171402,-0.0465762388001041,1.86049529671133,-0.385154137063716,2.53296398860748
13.6975252062328,-0.0447597647363502,2.21437249952091,-0.38315538033764,3.39564757514926
13.7268560953254,-0.0429451022793224,2.51976973813701,-0.381152339031229,4.14226205376672
13.756186984418,-0.0411322460195513,2.77001691994239,-0.379145013144484,4.75683628208659
13.7855178735105,-0.0393211905744341,2.95964846873407,-0.377133402677404,5.22628326430723
13.8148487626031,-0.0375119305880501,3.08452269678977,-0.37511750762999,5.54068598088427
13.8441796516957,-0.0357044607309745,3.1419122622697,-0.373097328002241,5.69351398368121
13.8735105407883,-0.033898775700096,3.13056373629957,-0.371072863794157,5.68176602599297
13.9028414298808,-0.0320948702184352,3.05072497874748,-0.369044115005739,5.50603561230134
13.9321723189734,-0.0302927390349645,2.90413972478844,-0.367011081636986,5.1704980361093
13.961503208066,-0.0284923769244302,2.69400950048945,-0.364973763687899,4.68281918895687
13.9908340971586,-0.0266937786871744,2.42492369920622,-0.362932161158477,4.05398813229458
14.0201649862511,-0.024896939148962,2.10275934597236,-0.360886274048721,3.29807708896376
14.0494958753437,-0.0231018531608046,1.73455273909813,-0.35883610235863,2.43193409624003
14.0788267644363,-0.0213085155987907,1.32834577241748,-0.356781646088205,1.47481503311611
14.1081576535289,-0.0195169213639133,0.893010294614433,-0.354722905237444,0.447963058609273
14.1374885426214,-0.0177270653819013,0.438054341746128,-0.35265987980635,-0.625855353540347
14.166819431714,-0.0159389426030523,-0.0265855250183119,-0.350592569794921,-1.72284765044888
14.1961503208066,-0.0141525480020659,-0.490761240951716,-0.348520975203157,-2.81871484596701
14.2254812098992,-0.0123678765778789,-0.944334878710754,-0.346445096031058,-3.88918222742229
14.2548120989918,-0.0105849233535022,-1.37740006787016,-0.344364932278625,-4.91052953221336
14.2841429880843,-0.00880368337585863,-1.78049835708936,-0.342280483945858,-5.86010901482252
14.3134738771769,-0.0070241517156229,-2.14482579340822,-0.340191751032756,-6.7168400892952
14.3428047662695,-0.00524632346706154,-2.46242520683313,-0.338098733539319,-7.46166974384317
14.3721356553621,-0.00347019374787622,-2.72636000058175,-0.336001431465548,-8.07798867178949
14.4014665444546,-0.00169575769904654,-2.93086565128382,-0.333899844811442,-8.55199403025987
14.4307974335472,7.69895153249374e-05,-3.07147561026619,-0.331793973577002,-8.87299090371279
14.4601283226398,0.00184805270816611,-3.1451188561484,-0.329683817762227,-9.03362588813085
14.4894592117324,0.00361743666958793,-3.15018696813108,-0.327569377367117,-9.03004769422868
14.5187901008249,0.00538514616703574,-3.08656925504859,-0.325450652391673,-8.86199126198916
14.5481209899175,0.00715118594543893,-2.95565517294279,-0.323327642835895,-8.53278354940686
14.5774518790101,0.00891556072736015,-2.76030397835607,-0.321200348699781,-8.04927086900827
14.6067827681027,0.0106782752131414,-2.50478228013756,-0.319068769983334,-7.421669359171
14.6361136571952,0.0124393340810508,-2.19467085367526,-0.316932906686551,-6.66334185605438
14.6654445462878,0.0141987419874283,-1.83674275279747,-0.314792758809435,-5.79050603941699
14.6947754353804,0.015956503566828,-1.43881538146627,-0.312648326351983,-4.82188022662393
14.724106324473,0.0177126234321606,-1.0095797561222,-0.310499609314197,-3.77827455095404
14.7534372135655,0.019467106174836,-0.558410687711917,-0.308346607696076,-2.68213645316341
14.7827681026581,0.0212199563649019,-0.0951620291581417,-0.306189321497621,-1.55706041309224
14.8120989917507,0.0229711785511834,0.370048539787467,-0.304027750718831,-0.427272629124819
14.8414298808433,0.0247207772614203,0.827060489856728,-0.301861895359707,0.682898099530448
14.8707607699358,0.0264687570024047,1.26589235544126,-0.299691755420248,1.74955173143449
14.9000916590284,0.0282151222601147,1.67695973689126,-0.297517330900455,2.74973897713509
14.929422548121,0.0299598774998506,2.05128463061176,-0.295338621800327,3.66196252828424
14.9587534372136,0.0317030271663667,2.38069151503824,-0.293155628119864,4.46664657445518
14.9880843263061,0.033444575684004,2.65798590983475,-0.290968349859067,5.14656435307853
15.0174152153987,0.0351845274568207,2.87711150845473,-0.288776787017935,5.68721439450311
15.0467461044913,0.0369228868687237,3.03328245217783,-0.286580939596469,6.07713724472213
15.0760769935839,0.0386596582835951,3.1230878566638,-0.284380807594668,6.30816574831541
15.1054078826764,0.0403948460454219,3.14456630808925,-0.282176391012533,6.37560342525045
15.134738771769,0.0421284544784218,3.09724870181873,-0.279967689850063,6.27832704566635
15.1640696608616,0.0438604878871692,2.98216848798324,-0.277754704107258,6.01881116233428
15.1934005499542,0.0455909505567206,2.80183910019525,-0.275537433784119,5.60307406498839
15.2227314390467,0.0473198467527366,2.5601990603733,-0.273315878880645,5.04054633692279
15.2520623281393,0.0490471807216065,2.26252595862576,-0.271090039396837,4.34386488467195
15.2813932172319,0.0507729566905672,1.91532118693414,-0.268859915332694,3.52859693931264
15.3107241063245,0.0524971788678287,1.52616794413423,-0.266625506688217,2.61290005739502
15.340054995417,0.0542198514426884,1.10356561346712,-0.264386813463405,1.61712554732397
15.3693858845096,0.0559409785856534,0.656744130012053,-0.262143835658258,0.563373982640378
15.3987167736022,0.057660564448557,0.195462392348196,-0.259896573272777,-0.524987489892174
15.4280476626948,0.0593786131646757,-0.27020487872214,-0.257645026306962,-1.62383550506088
15.4573785517874,0.0610951288488452,-0.730087179231972,-0.255389194760811,-2.7088173503267
15.4867094408799,0.0628101155975752,-1.17414035308046,-0.253129078634326,-3.75588284605717
15.5160403299725,0.0645235774891644,-1.59266596353661,-0.250864677927507,-4.74180961822709
15.5453712190651,0.0662355185838114,-1.97652311398629,-0.248595992640353,-5.64471029125804
15.5747021081577,0.0679459429237296,-2.3173280916072,-0.246323022772865,-6.44451052354498
15.6040329972502,0.0696548545332572,-2.60763747361187,-0.244045768325041,-7.12338744503433
15.6333638863428,0.0713622574189674,-2.84111069688849,-0.241764229296884,-7.66615892106553
15.6626947754354,0.0730681555697786,-3.01264854040298,-0.239478405688392,-8.06061514067717
15.692025664528,0.0747725529570624,-3.11850449580843,-0.237188297499565,-8.29778528725358
15.7213565536205,0.0764754535347538,-3.15636659384853,-0.234893904730404,-8.37213346723558
15.7506874427131,0.0781768612394538,-3.12540789940837,-0.232595227380907,-8.2816796176731
15.7800183318057,0.0798767799905405,-3.0263045723647,-0.230292265451077,-8.02804275191283
15.8093492208983,0.0815752136902706,-2.86122109977397,-0.227985018940912,-7.61640559890445
15.8386801099908,0.0832721662238863,-2.63376302193752,-0.225673487850412,-7.055401408428
15.8680109990834,0.0849676414597179,-2.34889818484043,-0.223357672179578,-6.35692539449664
15.897341888176,0.0866616432492864,-2.01284823886642,-0.221037571928409,-5.53587493514484
15.9266727772686,0.0883541754274067,-1.63295275353426,-0.218713187096906,-4.60982420282316
15.9560036663611,0.0900452418122879,-1.21750891608609,-0.216384517685068,-3.59864033170286
15.9853345554537,0.0917348462056348,-0.775590315024532,-0.214051563692896,-2.52404950506907
16.0146654445463,0.0934229923927457,-0.316848766494718,-0.211714325120389,-1.40916243976203
16.0439963336389,0.095109684142614,0.148696488236042,-0.209372801967547,-0.277969631423321
16.0733272227314,0.0967949252080241,0.610877610124289,-0.207026994234371,0.845182615250703
16.102658111824,0.0984787193256498,1.05960023517737,-0.20467690192086,1.93612392737657
16.1319890009166,0.100161070216151,1.48506394253335,-0.202322525027015,2.97138776227508
16.1613198900092,0.101841981584269,1.87797630261356,-0.199963863552835,3.92872393370839
16.1906507791017,0.103521457118924,2.2297558303853,-0.19760091749832,4.78758457202881
16.2199816681943,0.105199500493304,2.53271941109063,-0.195233686863471,5.52957290452268
16.2493125572869,0.106876115364967,2.7802501049297,-0.192862171648288,6.13884505426695
16.2786434463795,0.108551305375925,2.96694166572623,-0.190486371852769,6.60245608192844
16.307974335472,0.110225074152742,3.08871661718407,-0.188106287476917,6.91064271270522
16.3373052245646,0.111897425306627,3.14291530786575,-0.185721918520729,7.05703657345374
16.3666361136572,0.113568362433516,3.12835399986908,-0.183333264984208,7.03880328275105
16.3959670027498,0.115237889114173,3.04535072250369,-0.180940326867351,6.85670435606651
16.4252978918423,0.116906008914275,2.89571832630506,-0.17854310417016,6.51508057399012
16.4546287809349,0.118572725384497,2.68272488909118,-0.176141596892635,6.02175717676714
16.4839596700275,0.120238042060606,2.41102233882153,-0.173735805034774,5.38787295575728
16.5132905591201,0.121901962463548,2.08654485218627,-0.17132572859658,4.62763697458351
16.5426214482126,0.123564490099529,1.71637924797221,-0.16891136757805,3.75801823335207
16.5719523373052,0.125225628460108,1.30861020590667,-0.166492721979187,2.7983750538985
16.6012832263978,0.126885381022281,0.872143691509657,-0.164069791799988,1.77003228054878
16.6306141154904,0.128543751248561,0.416512443480931,-0.161642577040455,0.695815530631396
16.659945004583,0.130200742587071,-0.04833222808454,-0.159211077700588,-0.400447332960541
16.6892758936755,0.131856358471618,-0.512237785377125,-0.156775293780385,-1.49444661896186
16.7186067827681,0.133510602321784,-0.96507220151015,-0.154335225279849,-2.56192174840486
16.7479376718607,0.135163477543003,-1.39694525118373,-0.151890872198977,-3.5791911226409
16.7772685609533,0.136814987526647,-1.79842452023046,-0.149442234537772,-4.52366934602226
16.8065994500458,0.138465135650103,-2.16074141624077,-0.146989312296231,-5.37436050673275
16.8359303391384,0.140113925276857,-2.47598268084944,-0.144532105474356,-6.11231674216337
16.865261228231,0.141761359756573,-2.7372632209194,-0.142070614072147,-6.72105207344006
16.8945921173236,0.14340744242517,-2.93887648386596,-0.139604838089603,-7.18690247066187
16.9239230064161,0.145052176604906,-3.07641909281909,-0.137134777526724,-7.4993242847718
16.9532538955087,0.14669556560445,-3.14688701950171,-0.134660432383511,-7.65112452809292
16.9825847846013,0.148337612718965,-3.14874119434122,-0.132181802659963,-7.63861797404224
17.0119156736939,0.149978321230182,-3.08194112084208,-0.129698888356081,-7.46170764485098
17.0412465627864,0.151617694406478,-2.94794576005809,-0.127211689471864,-7.12388692938325
17.070577451879,0.153255735502949,-2.74968166584663,-0.124720206007312,-6.63216328479816
17.0999083409716,0.154892447761491,-2.49147906685373,-0.122224437962426,-5.99690518846536
17.1292392300642,0.156527834410869,-2.17897729124446,-0.119724385337206,-5.23161568281238
17.1585701191567,0.158161898666796,-1.81900159977052,-0.117220048131651,-4.35263745904672
17.1879010082493,0.159794643732002,-1.41941411722686,-0.114711426345761,-3.37879592093064
17.2172318973419,0.161426072796314,-0.988942118062215,-0.112198519979536,-2.33098802435356
17.2465627864345,0.163056189036719,-0.536987416505656,-0.109681329032977,-1.23172587273337
17.275893675527,0.164684995617447,-0.0734210242658477,-0.107159853506084,-0.104645036450811
17.3052245646196,0.166312495690035,0.391632439376154,-0.104634093398856,1.02601166503217
17.3345554537122,0.167938692393401,0.848015876443591,-0.102104048711293,2.13592364380437
17.3638863428048,0.169563588853913,1.28576154849844,-0.099569719443396,3.20122372265429
17.3932172318973,0.171187188185463,1.69530877912924,-0.0970311055951642,4.19901941140714
17.4225481209899,0.172809493489532,2.06771276591453,-0.094488207166598,5.10789289540207
17.4518790100825,0.174430507855261,2.39483994126184,-0.0919410241576969,5.90836881601021
17.4812098991751,0.17605023435952,2.66954561530068,-0.0893895565684614,6.58333962652971
17.5105407882676,0.177668676066977,2.88583002098467,-0.0868338043988915,7.11843923338761
17.5398716773602,0.179285836030163,3.03896935326532,-0.0842737676489867,7.50235676205597
17.5692025664528,0.180901717289541,3.12561894034964,-0.0817094463187478,7.72708359481342
17.5985334555454,0.182516322873573,3.14388629370788,-0.0791408404081739,7.78808828487149
17.6278643446379,0.184129655798785,3.09337244136728,-0.0765679499172657,7.68441552661705
17.6571952337305,0.185741719069834,2.97518064174329,-0.0739907748460227,7.41870702039026
17.6865261228231,0.187352515679571,2.79189228769221,-0.0714093151944454,6.99714377609702
17.7158570119157,0.18896204860911,2.5475105270575,-0.0688235709625332,6.42931111578494
17.7451879010083,0.190570320827887,2.2473728310776,-0.0662335421502866,5.72798932362416
17.7745187901008,0.192177335293728,1.89803442022264,-0.0636392287577056,4.90887451564403
17.8038496791934,0.193783094952911,1.50712509352328,-0.0610406307847897,3.99023582563079
17.833180568286,0.195387602740231,1.08318258834034,-0.0584377482315396,2.9925163944886
17.8625114573786,0.196990861579059,0.635466110116426,-0.0558305810979546,1.93788687774012
17.8918423464711,0.198592874381404,0.173754104752214,-0.0532191293840354,0.849761222879981
17.9211732355637,0.200193644047981,-0.291869309597917,-0.0506033930897812,-0.247714707652974
17.9505041246563,0.201793173468264,-0.751234586828728,-0.0479833722151929,-1.3301904990449
17.9798350137489,0.203391465520554,-1.19430886299522,-0.0453590667602696,-2.37364301424888
18.0091659028414,0.204988523072034,-1.61141508118694,-0.0427304767250118,-3.35490107614566
18.038496791934,0.206584348978831,-1.99344334532508,-0.0400976021094197,-4.25215154229797
18.0678276810266,0.208178946086077,-2.33204988676345,-0.0374604429134926,-5.04541571926186
18.0971585701192,0.209772317227967,-2.61983929812238,-0.0348189991372315,-5.71698571123055
18.1264894592117,0.211364465227817,-2.85052605423889,-0.0321732707806353,-6.25181117284552
18.1558203483043,0.212955392898123,-3.01907179250094,-0.029523257843705,-6.63782801921903
18.1851512373969,0.21454510304062,-3.12179535426566,-0.0268689603264397,-6.86622191390765
18.2144821264895,0.216133598446337,-3.1564531839788,-0.0242103782288399,-6.93162078007194
18.243813015582,0.217720881895658,-3.12228833002173,-0.0215475115509058,-6.83221213024261
18.2731439046746,0.219306956158375,-3.02004697707241,-0.0188803602926369,-6.56978265212681
18.3024747937672,0.220891823993745,-2.85196214890202,-0.0162089244540337,-6.14967918587306
18.3318056828598,0.222475488150551,-2.62170493754967,-0.0135332040350956,-5.58069194507874
18.3611365719523,0.224057951367148,-2.33430432406467,-0.0108531990358232,-4.87486253207653
18.3904674610449,0.225639216371529,-1.99603734198816,-0.00816890945621599,-4.04722094058165
18.4197983501375,0.227219285881371,-1.61429198248229,-0.00548033529627453,-3.11545728975068
18.4491292392301,0.228798162604095,-1.19740583535499,-0.00278747655599824,-2.09953545920992
18.4784601283226,0.230375849236918,-0.754483990176867,-9.03332353872576e-05,-1.02125706354327
18.5077910174152,0.231952348466906,-0.295200174657137,0.00261109466555798,0.0962147106581745
18.5371219065078,0.233527662971032,0.170414526440655,0.00531680714683805,1.22886100544417
18.5664527956004,0.235101795416219,0.632190757315068,0.00802680420845238,2.3523318806234
18.5957836846929,0.236674748459406,1.08004299708083,0.0107410858504015,3.44247813395201
18.6251145737855,0.238246524747589,1.50418983470875,0.013459652072685,4.47587873706199
18.6544454628781,0.23981712691788,1.89536760199062,0.0161825028753034,5.43035236755467
18.6837763519707,0.241386557597554,2.24503269863246,0.0189096382582559,6.28544186503307
18.7131072410632,0.242954819404105,2.54554819055413,0.0216410582215434,7.02286103021301
18.7424381301558,0.24452191494529,2.79035060595365,0.0243767627651654,7.62689400869827
18.7717690192484,0.246087846819189,2.97409328619381,0.0271167518891217,8.08473853659891
18.801099908341,0.247652617614247,3.09276316062441,0.0298610255934129,8.38678555126152
18.8304307974335,0.249216229909326,3.14376839489584,0.0326095838780383,8.52682906021602
18.8597616865261,0.25077868627376,3.12599499846222,0.0353624267429987,8.50220168465163
18.8890925756187,0.252339989267395,3.03983115492624,0.0381195541882933,8.31383291705634
18.9184234647113,0.253900141440646,2.88715874383349,0.0408809662139227,7.96622882063146
18.9477543538038,0.255459145334541,2.67131223908661,0.0436466628198864,7.4673736138611
18.9770852428964,0.257017003480771,2.3970058816665,0.046416644006185,6.82855528969812
19.006416131989,0.258573718401738,2.07023071726107,0.0491909097728182,6.06411907796953
19.0357470210816,0.260129292610603,1.69812374757165,0.0519694601197855,5.19115413555506
19.0650779101742,0.261683728611329,1.28881205312652,0.0547522950470879,4.22912030724993
19.0944087992667,0.263237028898737,0.8512352920694,0.0575394145547244,3.19942310911877
19.1237396883593,0.264789195958544,0.394950451675685,0.0603308186426958,2.1249462170062
19.1530705774519,0.266340232267412,-0.0700768830379785,0.0631265073110015,1.02955167098742
19.1824014665445,0.267890140292999,-0.533690184769322,0.0659264805596421,-0.0624412883523146
19.211732355637,0.269438922493996,-0.985763809700498,0.0687307383886169,-1.12678736922108
19.2410632447296,0.270986581320181,-1.41642414875204,0.0715392807979266,-2.13984476283286
19.2703941338222,0.272533119212457,-1.8162652742178,0.074352107787571,-3.07909149712023
19.2997250229148,0.274078538602903,-2.17655437190762,0.0771692193575494,-3.92361733242096
19.3290559120073,0.275622841914815,-2.48942247201204,0.0799906155078629,-4.65458045578307
19.3583868010999,0.277166031562751,-2.7480363129923,0.0828162962385106,-5.25561899936268
19.3877176901925,0.278708109952577,-2.94674758486613,0.0856462615494932,-5.71320839505959
19.4170485792851,0.280249079481505,-3.08121629230976,0.0884805114408099,-6.01695676051186
19.4463794683776,0.281788942538145,-3.14850554323854,0.0913190459124616,-6.15983186500937
19.4757103574702,0.283327701502542,-3.14714569261614,0.0941618649644475,-6.13831471822932
19.5050412465628,0.284865358746221,-3.07716644054607,0.0970089685967684,-5.95247642730718
19.5343721356554,0.286401916632227,-2.94009618360029,0.0998603568094238,-5.60597664362948
19.5637030247479,0.287937377515174,-2.7389286335525,0.102716029602413,-5.10598363327186
19.5930339138405,0.289471743741279,-2.4780574325865,0.105575986975738,-4.46301771680081
19.6223648029331,0.291005017648409,-2.16318019303007,0.108440228929397,-3.69072149782489
19.6516956920257,0.292537201566123,-1.80117405745469,0.11130875546339,-2.8055618986672
19.6810265811182,0.294068297815707,-1.39994549699692,0.114181566577718,-1.8264705109117
19.7103574702108,0.295598308710224,-0.968257628412566,0.117058662272381,-0.774430115822245
19.7396883593034,0.297127236554548,-0.515538821382674,0.119940042547378,0.327983594675837
19.769019248396,0.298655083645407,-0.0516767762220233,0.12282570740271,1.45709508731636
19.7983501374885,0.300181852271423,0.413197430518404,0.125715656838377,2.58864607812543
19.8276810265811,0.301707544713152,0.868930615959953,0.128609890854377,3.698325350746
19.8570119156737,0.303232163243125,1.30556924362203,0.131508409450713,4.76229973084106
19.8863428047663,0.304755710125884,1.71357681572889,0.134411212627383,5.75773461971945
19.9156736938588,0.306278187618026,2.08404215709513,0.137318300384388,6.66329271836014
19.9450045829514,0.307799597968236,2.40887404152099,0.140229672721727,7.4596000493461
19.974335472044,0.309319943417333,2.68097790992029,0.143145329639401,8.1296690984615
20.0036663611366,0.310839226198303,2.89441082052977,0.146065271137409,8.6592698342344
20.0329972502291,0.312357448536339,3.04451124697887,0.148989497215752,9.03724050209919
20.0623281393217,0.313874612648878,3.12800088933646,0.15191800787443,9.25573140520978
20.0916590284143,0.315390720745643,3.1430562745102,0.154850803113441,9.31037634756015
20.1209899175069,0.316905775028673,3.08934858219393,0.157787882932788,9.20038799497101
20.1503208065994,0.318419777692369,2.96805082653682,0.160729247332469,8.92857507119174
20.179651695692,0.319932730923523,2.78181223668104,0.163674896312485,8.50128101354209
20.2089825847846,0.321444636901361,2.53470039571572,0.166624829872835,7.92824542789874
20.2383134738772,0.322955497797577,2.23211240177277,0.16957904801352,7.22239136894663
20.2676443629698,0.324465315776368,1.88065699157043,0.17253755073454,6.39954309164811
20.2969752520623,0.325974092994473,1.48801020090871,0.175500338035894,5.47808043843471
20.3263061411549,0.327481831601209,1.06274771459558,0.178467409917583,4.47853741055502
20.3556370302475,0.328988533738503,0.614157567399099,0.181438766379605,3.42315369106134
20.3849679193401,0.33049420154093,0.152037286770837,0.184414407421963,2.33538891449487
20.4142988084326,0.331998837135751,-0.313520092112887,0.187394333044655,1.23941029196295
20.4436296975252,0.333502442642943,-0.772346465408633,0.190378543247682,0.15956478224036
20.4729605866178,0.335005020175236,-1.21442073921578,0.193367038031044,-0.880152662944926
20.5022914757104,0.336506571838149,-1.63008769738602,0.19635981739474,-1.85662316554532
20.5316223648029,0.338007099730023,-2.01026887830152,0.19935688133877,-2.74810885375315
20.5609532538955,0.339506605942053,-2.34666085492582,0.202358229863136,-3.53472763240655
20.5902841429881,0.34100509255833,-2.63191658754769,0.205363862967835,-4.19888742191302
20.6196150320807,0.342502561655862,-2.85980588834752,0.20837378065287,-4.72567038160907
20.6489459211732,0.343999015304619,-3.02535149312443,0.211387982918238,-5.10315872584127
20.6782768102658,0.345494455567564,-3.12493776828186,0.214406469763942,-5.32269501671601
20.7076076993584,0.34698888450068,-3.15638967883353,0.21742924118998,-5.37907124853883
20.736938588451,0.348482304153009,-3.11902029271247,0.220456297196352,-5.27064259420464
20.7662694775435,0.349974716566684,-3.01364578385529,0.22348763778306,-4.99936332923739
20.7956003666361,0.35146612377696,-2.84256760638375,0.226523262950101,-4.57074414887237
20.8249312557287,0.352956527812247,-2.60952222921181,0.229563172697477,-3.99373181040589
20.8542621448213,0.354445930694142,-2.31959952891077,0.232607367025188,-3.28051372951033
20.8835930339138,0.355934334437462,-1.97913162318938,0.235655845933234,-2.44625179826786
20.9129239230064,0.357421741050275,-1.59555457294537,0.238708609421614,-1.50875123852781
20.942254812099,0.35890815253393,-1.17724597341365,0.241765657490328,-0.488071723064644
20.9715857011916,0.360393570883092,-0.733341981535486,0.244826990139377,0.593910742073609
21.0009165902841,0.361877998085771,-0.273537775801847,0.247892607368761,1.71398160522375
21.0302474793767,0.363361436123352,0.192124193331987,0.250962509178479,2.84809479155491
21.0595783684693,0.364843886970629,0.653473537696913,0.254036695568532,3.97189788656898
21.0889092575619,0.366325352595833,1.10043405991242,0.257115166538919,5.06126401027985
21.1182401466544,0.367805834960662,1.52324382469393,0.260197922089641,6.09281876555494
21.147571035747,0.369285336020316,1.91266836645381,0.263284962220698,7.04445075169887
21.1769019248396,0.37076385772352,2.26020237658907,0.266376286932089,7.8957944932962
21.2062328139322,0.37224140201256,2.55825546546233,0.269471896223815,8.62867523680466
21.2355637030247,0.373717970823311,2.80031794190345,0.272571790095875,9.22750590022818
21.2648945921173,0.375193566085263,2.98110298948816,0.275675968548269,9.67962750620247
21.2942254812099,0.376668189721558,3.09666213436436,0.278784431580999,9.97558566319715
21.3235563703025,0.37814184364901,3.14447148272542,0.281897179194063,10.109337056285
21.3528872593951,0.379614529778143,3.12348684444382,0.285014211387461,10.0783814375758
21.3822181484876,0.381086250013212,3.03416653892517,0.288135528161195,9.88381623354865
21.4115490375802,0.382557006252238,2.87846138508687,0.291261129515262,9.53031257661988
21.4408799266728,0.384026800387034,2.65977209408719,0.294391015449664,9.02601328443462
21.4702108157654,0.385495634303231,2.38287499537822,0.297525185964401,8.38235501508698
21.4995417048579,0.386963509880312,2.05381771827764,0.300663641059472,7.61381848252353
21.5288725939505,0.388430428991633,1.67978710744922,0.303806380734878,6.73761218760602
21.5582034830431,0.389896393504458,1.26895225710994,0.306953404990619,5.77329657236773
21.5875343721357,0.39136140527998,0.830286092210294,0.310104713826694,4.74235680620605
21.6168652612282,0.392825466173356,0.373369393379263,0.313260307243103,3.66773353465903
21.6461961503208,0.394288578033725,-0.0918184541293434,0.316420185239848,2.57332183955171
21.6755270394134,0.395750742704246,-0.555117417299667,0.319584347816926,1.48344935357298
21.704857928506,0.397211962022114,-1.00640871769162,0.32275279497434,0.422344927635028
21.7341888175985,0.398672237818598,-1.43583583274901,0.325925526712087,-0.586390544302617
21.7635197066911,0.400131571919059,-1.834019769254,0.32910254303017,-1.52029958538599
21.7928505957837,0.401589966142979,-2.19226390720024,0.332283843928587,-2.35855862297534
21.8221814848763,0.403047422303993,-2.50274394015174,0.335469429407339,-3.08243279012844
21.8515123739688,0.404503942209905,-2.75867876365254,0.338659299466424,-3.67568510826574
21.8808432630614,0.405959527662725,-2.95447857936512,0.341853454105845,-4.12493111418208
21.910174152154,0.407414180458686,-3.08586698023624,0.345051893325601,-4.41993118609497
21.9395050412466,0.408867902388275,-3.14997435026477,0.34825461712569,-4.5538141841243
21.9688359303391,0.410320695236258,-3.14540053895337,0.351461625506115,-4.52322752073425
21.9981668194317,0.411772560781705,-3.07224544158989,0.354672918466874,-4.3284103834934
22.0274977085243,0.413223500798015,-2.93210681746332,0.357888496007968,-3.97318851091569
22.0568285976169,0.414673517052942,-2.7280453936661,0.361108358129396,-3.4648906354819
22.0861594867094,0.41612261130862,-2.46451801664019,0.364332504831158,-2.81418841878433
22.115490375802,0.417570785321587,-2.14728031148528,0.367560936113256,-2.0348633747268
22.1448212648946,0.41901804084281,-1.78326097501816,0.370793651975687,-1.14350587134037
22.1741521539872,0.420464379617713,-1.38041044811282,0.374030652418454,-0.159152785231055
22.2034830430797,0.421909803386197,-0.947527272424527,0.377271937441555,0.897128277457348
22.2328139321723,0.423354313882666,-0.494065923990228,0.38051750704499,2.0026991126561
22.2621448212649,0.424797912836053,-0.0299303207567493,0.38376736122876,3.13384535295662
22.2914757103575,0.426240601969842,0.434742486022614,0.387021499992865,4.2662944063696
22.32080659945,0.427682383002093,0.88980371218719,0.390279923337304,5.37574558710183
22.3501374885426,0.429123257645465,1.32531449732446,0.393542631262078,6.43840085992461
22.3794683776352,0.430563227607241,1.73176297654046,0.396809623767187,7.43148460629316
22.4087992667278,0.43200229458935,2.10027202634589,0.40008090085263,8.33374106016173
22.4381301558203,0.433440460288394,2.42279314733836,0.403356462518407,9.1258985491385
22.4674610449129,0.434877726395665,2.6922822491463,0.406636308764519,9.7910904016259
22.4967919340055,0.436314094597175,2.90285349836627,0.409920439590966,10.3152233270352
22.5261228230981,0.437749566573675,3.04990786934494,0.413208854997747,10.6872852233887
22.5554537121907,0.439184144000679,3.13023359016641,0.416501554984863,10.8995856895745
22.5847846012832,0.440617828548486,3.14207629003199,0.419798539552313,10.9479239892943
22.6141154903758,0.442050621882205,3.08517731596465,0.423099808700098,10.8316807982522
22.6434463794684,0.443482525661776,2.96077938197378,0.426405362428218,10.5538317307616
22.672777268561,0.44491354154199,2.77159942729851,0.429715200736672,10.1208823503385
22.7021081576535,0.446343671172517,2.52176927652477,0.43302932362546,9.54272608369668
22.7314390467461,0.447772916197923,2.21674539760169,0.436347731094583,8.83242814140436
22.7607699358387,0.449201278257696,1.8631897287055,0.439670423144041,8.00594016452676
22.7901008249313,0.450628758986262,1.46882417677814,0.442997399773834,7.081751829578
22.8194317140238,0.452055360013017,1.04226196559426,0.446328660983961,6.08048702097321
22.8487626031164,0.453481082962336,0.592819516836475,0.449664206774422,5.02445339086646
22.878093492209,0.454905929453606,0.130312972827675,0.453004037145218,3.93715514430205
22.9074243813016,0.45632990110124,-0.335156194989132,0.456348152096349,2.84277969080325
22.9367552703941,0.457752999514702,-0.793421809362734,0.459696551627814,1.76566937428718
22.9660861594867,0.459175226298527,-1.23447502376598,0.463049235739614,0.729789819103068
22.9954170485793,0.46059658305234,-1.64868292271288,0.466406204431748,-0.241793496105876
23.0247479376719,0.462017071370883,-2.02699891147573,0.469767457704217,-1.12741900472186
23.0540788267644,0.463436692844029,-2.36116030013925,0.47313299555702,-1.90730215603345
23.083409715857,0.464855449056809,-2.64386876661793,0.476502817990158,-2.56396752375908
23.1127406049496,0.466273341589425,-2.86894975719389,0.479876925003631,-3.08263048165063
23.1420714940422,0.46769037201728,-3.03148734315642,0.483255316597438,-3.45152011011553
23.1714023831347,0.469106541910989,-3.1279315881764,0.48663799277158,-3.66213628134341
23.2007332722273,0.470521852836408,-3.1561760814376,0.490024953526056,-3.70943530801865
23.2300641613199,0.471936306354646,-3.11560394314491,0.493416198860867,-3.59194010091698
23.2593950504125,0.473349904022091,-3.00710129761734,0.496811728776012,-3.31177242946703
23.288725939505,0.474762647390429,-2.83303791970339,0.500211543271492,-2.87460658068276
23.3180568285976,0.47617453800666,-2.59721547721522,0.503615642347307,-2.28954542858931
23.3473877176902,0.477585577413125,-2.30478449980306,0.507024026003456,-1.5689216208725
23.3767186067828,0.478995767147516,-1.96213188772954,0.51043669423994,-0.728028224979329
23.4060494958753,0.480405108742906,-1.57674141743081,0.513853647056758,0.215215283453516
23.4353803849679,0.481813603727759,-1.15703029052393,0.517274884453911,1.24065439478904
23.4647112740605,0.483221253625957,-0.712165296144382,0.520700406431398,2.32633975431099
23.4940421631531,0.484628059956813,-0.251862601760079,0.524130212989221,3.44900655183536
23.5233730522456,0.486034024235096,0.213824454827138,0.527564304127377,4.58458264180213
23.5527039413382,0.487439147971045,0.674724937520718,0.531002679845868,5.70871429614738
23.5820348304308,0.48884343267039,1.12077245239754,0.534445340144694,6.79729810713374
23.6113657195234,0.490246879834373,1.5422250049021,0.537892285023854,7.82700742301005
23.6406966086159,0.491649490959761,1.92987777192677,0.541343514483349,8.775801818765
23.6700274977085,0.493051267538871,2.27526414168733,0.544799028523178,9.62340847477796
23.6993583868011,0.494452211059585,2.57084063053769,0.548258827143342,10.3517649497092
23.7286892758937,0.495852323005368,2.81015163801127,0.551722910343841,10.9454136771606
23.7580201649863,0.497251604855288,2.98797044172057,0.555191278124674,11.3918395700157
23.7873510540788,0.498650058084035,3.10041335268655,0.558663930485841,11.6817433589415
23.8166819431714,0.500047684161937,3.14502453786474,0.562140867427344,11.8092446951469
23.846012832264,0.501444484554976,3.12082965728319,0.56562208894918,11.7720105814861
23.8753437213566,0.502840460724813,3.02835714431959,0.569107595051352,11.5713063268829
23.9046746104491,0.5042356141288,2.86962666434098,0.572597385733858,11.2119679111939
23.9340054995417,0.50562994622,2.64810500377745,0.576091460996698,10.702296364082
23.9633363886343,0.507023458447201,2.36863035304418,0.579589820839874,10.0538764647408
23.9926672777269,0.50841615225494,2.03730663702605,0.583092465263383,9.28132372219611
24.0219981668194,0.509808029083516,1.66137020102241,0.586599394267227,8.40196516231456
24.051329055912,0.511199090369007,1.24903176382608,0.590110607851406,7.43546089335956
24.0806599450046,0.512589337543293,0.809297089792215,0.59362610601592,6.40337471536777
24.1099908340972,0.513978772034063,0.351770296548587,0.597145888760767,5.32870315154758
24.1393217231897,0.515367395264842,-0.113555905755974,0.60066995608595,4.23537318798249
24.1686526122823,0.516755208655002,-0.576518462338413,0.604198307991467,3.14771969136729
24.1979835013749,0.518142213619783,-1.02700594211748,0.607730944477318,2.08995391833838
24.2273143904675,0.519528411570307,-1.45517937855029,0.611267865543505,1.085634724538
24.25664527956,0.520913803913593,-1.85168715965037,0.614809071190025,0.157154022578061
24.2859761686526,0.522298392052581,-2.20786927383633,0.618354561416881,-0.674752273132458
24.3153070577452,0.52368217738614,-2.51594645073548,0.621904336224071,-1.39145713338121
24.3446379468378,0.52506516130909,-2.76919006597505,0.625458395611595,-1.9768492415984
24.3739688359303,0.526447345212214,-2.96206909911734,0.629016739579454,-2.41768487634959
24.4032997250229,0.527828730482282,-3.09037093507523,0.632579368127648,-2.70387716351617
24.4326306141155,0.529209318502058,-3.15129337061764,0.636146281256176,-2.82871638068691
24.4619615032081,0.530589110650322,-3.14350581647871,0.639717478965039,-2.78901650215868
24.4912923923006,0.531968108301883,-3.06717835837236,0.643292961254236,-2.58518478389795
24.5206232813932,0.533346312827599,-2.92397804219962,0.646872728123768,-2.22121286867886
24.5499541704858,0.534723725594388,-2.71703246458185,0.650456779573634,-1.70458960566728
24.5792850595784,0.536100347965246,-2.45086146392924,0.654045115603835,-1.04613748853433
24.6086159486709,0.537476181299266,-2.13127840395911,0.657637736214371,-0.259776284404923
24.6379468377635,0.538851226951647,-1.76526320570348,0.661234641405241,0.637780983843869
24.6672777268561,0.540225486273715,-1.36080990107532,0.664835831176446,1.62739306197597
24.6966086159487,0.541598960612936,-0.926752037533967,0.668441305527985,2.68790852308441
24.7259395050412,0.542971651312931,-0.472569747133455,0.672051064459859,3.79662772988072
24.7552703941338,0.544343559713495,-0.00818269370507247,0.675665107972068,4.92979861099628
24.7846012832264,0.545714687150606,0.456266579646713,0.67928343606461,6.06313542319206
24.813932172319,0.547085034956447,0.91063417089042,0.682906048737488,7.17234916934192
24.8432630614115,0.548454604459416,1.34499636909255,0.6865329459907,8.23367808748023
24.8725939505041,0.549823396984145,1.74986639531394,0.690164127824247,9.224406624662
24.9019248395967,0.551191413851509,2.11640160059968,0.693799594238128,10.1233615608713
24.9312557286893,0.552558656378648,2.43659659571387,0.697439345232344,10.911374447286
24.9605866177818,0.553925125878978,2.7034580945263,0.701083380806894,11.5717002589121
24.9899175068744,0.555290823662205,2.91115765234935,0.704731700961779,12.0903831179229
25.019248395967,0.556655751034342,3.05515896330966,0.708384305696999,12.4565611000405
25.0485792850596,0.558019909297722,3.13231693649064,0.712041195012553,12.662703466775
25.0779101741522,0.559383299751013,3.14094638695221,0.715702368908442,12.7047751421993
25.1072410632447,0.560745923689232,3.08085884136672,0.719367827384665,12.5823248419701
25.1365719523373,0.56210778240376,2.95336665441034,0.723037570441223,12.2984949297952
25.1659028414299,0.563468877182357,2.76125434600487,0.726711598078115,11.8599527860744
25.1952337305225,0.564829209309173,2.50871778542455,0.730389910295342,11.2767451876713
25.224564619615,0.566188780064767,2.20127255053108,0.734072507092903,10.5620788792665
25.2538955087076,0.567547590726117,1.84563346363504,0.737759388470799,9.73203212876802
25.2832263978002,0.568905642566634,1.44956793500726,0.74145055442903,8.80520356661475
25.3125572868928,0.570262936856178,1.02172631712114,0.745146004967595,7.8023059785722
25.3418881759853,0.571619474861075,0.571452974810309,0.748845740086495,6.74571392387335
25.3712190650779,0.572975257844121,0.108582197703212,0.75254975978573,5.65897505904659
25.4005499541705,0.574330287064606,-0.356776587647693,0.756258064065299,4.56629584046522
25.4298808432631,0.57568456377832,-0.814459614822652,0.759970652925202,3.49201283824006
25.4592117323556,0.577038089237575,-1.25447076141262,0.76368752636544,2.46006120833541
25.4885426214482,0.578390864691206,-1.66719987143301,0.767408684386012,1.49345193185477
25.5178735105408,0.579742891384599,-2.0436326479565,0.77113412698692,0.613769238961791
25.5472043996334,0.581094170559692,-2.37554753176093,0.774863854168162,-0.159300805945165
25.5765352887259,0.582444703454998,-2.65569526602248,0.778597865929738,-0.808400261770046
25.6058661778185,0.583794491305609,-2.87795722523393,0.782336162271649,-1.31887842038982
25.6351970669111,0.585143535343218,-3.03747905033183,0.786078743193894,-1.67911178843437
25.6645279560037,0.586491836796126,-3.13077667134656,0.789825608696475,-1.88075795254609
25.6938588450962,0.587839396889256,-3.15581240196517,0.793576758779389,-1.91893778352182
25.7231897341888,0.589186216844172,-3.1120394440479,0.797332193442638,-1.79234199986899
25.7525206232814,0.59053229787908,-3.0004138300879,0.801091912686222,-1.50325976335238
25.781851512374,0.591877641208854,-2.82337354278255,0.80485591651014,-1.05752868198438
25.8111824014665,0.593222248045039,-2.58478526775957,0.808624204914393,-0.464407312428991
25.8405132905591,0.594566119595869,-2.28985994241643,0.812396777898981,0.263627053542476
25.8698441796517,0.595909257066278,-1.94503894534621,0.816173635463903,1.11115090205641
25.8991750687443,0.597251661657911,-1.55785341205374,0.819954777609159,2.06013135772512
25.9285059578368,0.598593334569141,-1.13675974960681,0.82374020433475,3.09032003454378
25.9578368469294,0.599934276995076,-0.690954942699104,0.827529915640676,4.17969527511262
25.987167736022,0.601274490127575,-0.230175684971844,0.831323911526937,5.30494311936575
26.0164986251146,0.602613975155261,0.235514277291479,0.835122191993531,6.44196649810813
26.0458295142071,0.60395273326353,0.695943944531844,0.838924757040461,7.56641153021062
26.0751604032997,0.605290765634564,1.14105720577049,0.842731606667725,8.65419942876302
26.1044912923923,0.606628073447348,1.56113247121472,0.846542740875323,9.68205239896954
26.1338221814849,0.607964657877675,1.94699499868476,0.850358159663256,10.6280020418105
26.1631530705775,0.609300520098161,2.29021727649974,0.854177863031524,11.4718691595684
26.19248395967,0.61063566127826,2.58330308631893,0.858001850980126,12.1957044839272
26.2218148487626,0.611970082584272,2.81985122587492,0.861830123509063,12.784180700829
26.2511457378552,0.613303785179356,2.99469531577797,0.865662680618335,13.2249272099866
26.2804766269478,0.614636770223542,3.10401663691158,0.869499522307941,13.5088003076681
26.3098075160403,0.615969038873743,3.14542753397048,0.873340648577881,13.6300828917671
26.3391384051329,0.617300592283767,3.11802356354844,0.877186059428157,13.58660932746
26.3684692942255,0.618631431604326,3.02240324782471,0.881035754858766,13.379812746295
26.3978001833181,0.619961557983053,2.8606550024145,0.88488973486971,13.0146937456668
26.4271310724106,0.621290972564507,2.63631152388851,0.888747999460989,12.4997111723026
26.4564619615032,0.622619676490192,2.35427263317053,0.892610548632602,11.8465973751273
26.4857928505958,0.62394767089856,2.02069825996809,0.89647738238455,11.070101962514
26.5151237396884,0.625274956925028,1.6428739055322,0.900348500716833,10.1876696604451
26.5444546287809,0.62660153570199,1.2290515221351,0.90422390362945,9.21905930739059
26.5737855178735,0.627927408358823,0.788269284571194,0.908103591122402,8.18591230732553
26.6031164069661,0.629252576021904,0.330154189999663,0.911987563195688,7.11127996617901
26.6324472960587,0.630577039814616,-0.135288202511607,0.915875819849309,6.01912003502333
26.6617781851512,0.631900800857365,-0.597892300503096,0.919768361083264,4.93377345585688
26.6911090742438,0.633223860267584,-1.04755450188365,0.923665186897554,3.87943273822481
26.7204399633364,0.634546219159752,-1.47445386477684,0.927566297292178,2.87961357770978
26.749770852429,0.635867878645397,-1.86926660386738,0.931471692267138,1.9566412565201
26.7791017415215,0.637188839833113,-2.22336972849522,0.935381371822431,1.13116304355132
26.8084326306141,0.638509103828567,-2.52902937489649,0.939295335958059,0.421697243450267
26.8377635197067,0.639828671734511,-2.77956971928154,0.943213584674022,-0.155771256229711
26.8670944087993,0.641147544650795,-2.9695187825684,0.94713611797032,-0.588140106244925
26.8964252978918,0.642465723674375,-3.0947279422927,0.951062935846951,-0.865475660193556
26.9257561869844,0.643783209899323,-3.15246254146909,0.954994038303918,-0.981229932327251
26.955087076077,0.64510000441684,-3.14146161544226,0.958929425341219,-0.932383610129432
26.9844179651696,0.646416108315265,-3.06196543225068,0.962869096958855,-0.719511998163956
27.0137488542621,0.647731522680087,-2.91571024500196,0.966813053156825,-0.346772452933699
27.0430797433547,0.649046248593954,-2.70589037087172,0.97076129393513,0.178186416819351
27.0724106324473,0.650360287136682,-2.43708842494753,0.974713819293769,0.844391801242574
27.1017415215399,0.65167363938527,-2.11517523266032,0.978670629232743,1.63778634341443
27.1310724106324,0.652986306413907,-1.74718160678691,0.982631723752052,2.54153516208495
27.160403299725,0.65429828929398,-1.34114478950487,0.986597102851694,3.53639353752018
27.1897341888176,0.65560958909409,-0.905932913314531,0.990566766531672,4.60112722993072
27.2190650779102,0.656920206880057,-0.451051314725998,0.994540714791984,5.71297625043116
27.2483959670028,0.658230143714935,0.0135650690418865,0.998518947632631,6.8481519554434
27.2777268560953,0.659539400659015,0.477768686147276,1.00250146505361,7.98235660764878
27.3070577451879,0.660847978769843,0.931420999865426,1.00648826705493,9.09131405590906
27.3363886342805,0.662155879102225,1.36461392143224,1.01047935363658,10.1512999437296
27.3657195233731,0.663463102708238,1.76788620974064,1.01447472479856,11.1396598661354
27.3950504124656,0.664769650637239,2.13243011156678,1.01847438054088,12.0353041580456
27.4243813015582,0.666075523935878,2.45028372915663,1.02247832086354,12.8191685076176
27.4537121906508,0.667380723648104,2.71450491372831,1.02648654576653,13.4746303344365
27.4830430797434,0.668685250815175,2.91932288693257,1.03049905524985,13.9878718385573
27.5123739688359,0.669989106475675,3.06026427875095,1.03451584931351,14.348181791147
27.5417048579285,0.671292291665509,3.13425082907446,1.0385369279575,14.548189475409
27.5710357470211,0.672594807417929,3.13966661909085,1.04256229118183,14.5840256683502
27.6003666361137,0.673896654763532,3.0763933640993,1.04659193898649,14.4554071474361
27.6296975252062,0.675197834730273,2.94581299693226,1.05062587137148,14.1656428764498
27.6590284142988,0.676498348343477,2.75077748556083,1.05466408833681,13.7215617354484
27.6883593033914,0.677798196625846,2.49554654408849,1.05870658988248,13.1333633732488
27.717690192484,0.679097380597465,2.18569459756938,1.06275337600848,12.4143954399289
27.7470210815765,0.680395901275821,1.82798903260552,1.06680444671481,11.5808620647447
27.7763519706691,0.681693759675802,1.43024239281656,1.07085980200148,10.6514699465132
27.8056828597617,0.68299095680971,1.00114174733779,1.07491944186849,9.64701978609905
27.8350137488543,0.684287493687275,0.550058959059739,1.07898336631582,8.58995198440734
27.8643446379468,0.685583371315657,0.0868459964857365,1.0830515753435,7.50385652816407
27.8936755270394,0.686878590699456,-0.378380240258103,1.0871240689515,6.41295776792478
27.923006416132,0.688173152840729,-0.835458879707756,1.09120084713985,5.34158534112657
27.9523373052246,0.689467058738986,-1.2744069997114,1.09528190990852,4.31364279559963
27.9816681943171,0.690760309391213,-1.68563766154016,1.09936725725753,3.35208551917827
28.0109990834097,0.69205290579187,-2.0601692954396,1.10345688918688,2.47841937779951
28.0403299725023,0.693344848932904,-2.38982186449283,1.10755080569656,1.71223101218939
28.0696608615949,0.694636139803761,-2.66739552243717,1.11164900678657,1.07076005179086
28.0989917506874,0.695926779391389,-2.88682786342053,1.11575149245692,0.568522589085079
28.12832263978,0.69721676868025,-3.04332632925147,1.11985826270761,0.216994137894288
28.1576535288726,0.698506108652329,-3.13347288227427,1.12396931753863,0.0243590000821347
28.1869844179652,0.699794800287142,-3.15529865773915,1.12808465694998,-0.00466848533919813
28.2163153070577,0.701082844561745,-3.10832696520696,1.13220428094167,0.131053093351336
28.2456461961503,0.702370242450741,-2.99358369980693,1.13632818951369,0.429067291413722
28.2749770852429,0.703656994926292,-2.81357493595837,1.14045638266604,0.883373458217459
28.3043079743355,0.704943102958124,-2.57223219292525,1.14458886039874,1.48455779578609
28.333638863428,0.706228567513538,-2.27482656764289,1.14872562271176,2.21999896290395
28.3629697525206,0.707513389557418,-1.92785361021681,1.15286666960512,3.07414373424545
28.3923006416132,0.708797570052237,-1.53889145649459,1.15701200107882,4.02884669393561
28.4216315307058,0.710081109958069,-1.11643531619612,1.16116161713285,5.06376654439337
28.4509624197984,0.711364010232596,-0.669711931499157,1.16531551776721,6.15681037479086
28.4802933088909,0.712646271831114,-0.208478058436311,1.16947370298191,7.28461618598996
28.5096241979835,0.713927895706548,0.257192627586992,1.17363617277694,8.42306313326892
28.5389550870761,0.715208882809451,0.717129548018772,1.17780292715231,9.54779834277525
28.5682859761687,0.716489234088019,1.1612873538203,1.18197396610801,10.6347687956596
28.5976168652612,0.717768950488097,1.57996532302439,1.18614928964405,11.6607466631629
28.6269477543538,0.719048032953188,1.96401923139365,1.19032889776042,12.6038366189663
28.6562786434464,0.720326482424458,2.30506106877306,1.19451279045713,13.44395404874
28.685609532539,0.721604299840749,2.59564223918977,1.19870096773417,14.1632637124574
28.7149404216315,0.722881486138583,2.82941624348,1.20289342959154,14.7465692787749
28.7442713107241,0.724158042252173,3.0012772913387,1.20709017602925,15.1816452237731
28.7736021998167,0.725433969113428,3.10747181540648,1.2112912070473,15.4595038451521
28.8029330889093,0.726709267651962,3.14568045184698,1.21549652264567,15.5745915601034
28.8322639780018,0.727983938795106,3.11506869690047,1.21970612282439,15.5249101995727
28.8615948670944,0.729257983467907,3.01630513303873,1.22392000758344,15.3120606497599
28.890925756187,0.730531402593145,2.85154682664897,1.22813817692282,14.9412078876971
28.9202566452796,0.731804197091334,2.62439221617175,1.23236063084254,14.4209681745494
28.9495875343721,0.733076367880736,2.33980251964944,1.23658736934259,13.7632208704202
28.9789184234647,0.734347915877362,2.0039933782002,1.24081839242297,12.9828489807563
29.0082493125573,0.735618841994984,1.62429910200092,1.24505370008369,12.0974141010065
29.0375802016499,0.736889147145143,1.20901248374336,1.24929329232475,11.12677285897
29.0669110907424,0.738158832237154,0.767203678151353,1.25353716914614,10.0926432320099
29.096241979835,0.739427898178115,0.308522103358978,1.25778533054786,9.01813021106798
29.1255728689276,0.740696345872915,-0.157014309235477,1.26203777652992,7.92722117131925
29.1549037580202,0.741964176224241,-0.61923791370709,1.26629450709232,6.84426197092664
29.1842346471127,0.743231390132584,-1.06805341821346,1.27055552223505,5.7934252202732
29.2135655362053,0.74449798849625,-1.49365837333928,1.27482082195811,4.79818233504838
29.2428964252979,0.745763972211364,-1.88675726455436,1.27909040626151,3.88079090392443
29.2722273143905,0.74702934217188,-2.23876453285358,1.28336427514524,3.0618085670768
29.301558203483,0.748294099269585,-2.54199208946401,1.2876424286093,2.35964402278716
29.3308890925756,0.749558244394112,-2.78981722916456,1.29192486665371,1.79015496846349
29.3602199816682,0.75082177843294,-2.97682727487219,1.29621158927844,1.36630175733117
29.3895508707608,0.752084702271407,-3.09893779435407,1.30050259648351,1.09786433517883
29.4188817598533,0.753347016792715,-3.15348180712874,1.30479788826892,0.991228639461567
29.4482126489459,0.754608722877937,-3.13926803321419,1.30909746463466,1.04924712595671
29.4775435380385,0.755869821406026,-3.05660691152886,1.31340132558073,1.27117646916922
29.5068744271311,0.757130313253819,-2.90730381968516,1.31770947110714,1.65269379715399
29.5362053162236,0.758390199296047,-2.69461964325999,1.32202190121388,2.18599110617501
29.5655362053162,0.759649480405342,-2.4231995557376,1.32633861590096,2.85994579311822
29.5948670944088,0.760908157452239,-2.09897156462109,1.33065961516837,3.66036358110905
29.6241979835014,0.762166231305193,-1.72901703953794,1.33498489901612,4.57028853266652
29.6535288725939,0.763423702830576,-1.32141605009731,1.3393144674442,5.5703733794864
29.6828597616865,0.764680572892687,-0.885070891430502,1.34364832045262,6.63930208058816
29.7121906507791,0.765936842353765,-0.42951165174189,1.34798645804137,7.75425537985519
29.7415215398717,0.767192512073985,0.0353119315867226,1.35232888021045,8.89140919486143
29.7708524289643,0.768447582911476,0.499247781327909,1.35667558695987,10.026454951818
29.8001833180568,0.769702055722318,0.952163208986355,1.36102657828962,11.1351305021553
29.8295142071494,0.770955931360556,1.38416621991292,1.36538185419971,12.1937500251452
29.858845096242,0.772209210678204,1.78582156149412,1.36974141469014,13.1797213431133
29.8881759853346,0.773461894525252,2.14835679577116,1.37410525976089,14.0720393507106
29.9175068744271,0.774713983749671,2.46385389571604,1.37847338941199,14.8517447813974
29.9468377635197,0.775965479197423,2.7254221805661,1.38284580364341,15.5023382913551
29.9761686526123,0.777216381712465,2.9273488131864,1.38722250245518,16.0101408169372
30.0054995417049,0.778466692136758,3.06522357249056,1.39160348584727,16.3645923351991
30.0348304307974,0.77971641131027,3.13603517580196,1.3959887538197,16.5584825023624
30.06416131989,0.780965540070988,3.13823704740627,1.40037830637247,16.5881081329075
30.0934922089826,0.782214079254919,3.07178109686367,1.40477214350557,16.4533540798381
30.1228230980752,0.783462029696099,2.93811876933812,1.409170265219,16.1576957496356
30.1521539871677,0.7847093922266,2.74016934500412,1.41357267151277,15.708123196975
30.1814848762603,0.785956167676536,2.482256179894,1.41797936238687,15.1149884570281
30.2108157653529,0.787202356874069,2.17001228073136,1.42239033784131,14.3917794497238
30.2401466544455,0.788447960645417,1.81025727606297,1.42680559787609,13.5548253940578
30.269477543538,0.789692979814857,1.41084847072737,1.43122514249119,12.622940166413
30.2988084326306,0.790937415204734,0.980509236736026,1.43564897168663,11.6170113921967
30.3281393217232,0.792181267635469,0.528638488632361,1.44007708546241,10.5595442453268
30.3574702108158,0.793424537925562,0.0651054045219962,1.44450948381852,9.4741699193083
30.3868010999083,0.794667226891597,-0.399966123787219,1.44894616675497,8.38512950524343
30.4161319890009,0.795909335348254,-0.856418603773365,1.45338713427175,7.31674454924379
30.4454628780935,0.797150864108311,-1.29428278905207,1.45783238636886,6.29288585264834
30.4747937671861,0.79839181398265,-1.70399541479877,1.46228192304631,5.33645211682711
30.5041246562786,0.799632185780265,-2.07660806624533,1.4667357443041,4.46886981933861
30.5334555453712,0.800871980308269,-2.40398261841472,1.47119385014221,3.7096252445008
30.5627864344638,0.802111198371896,-2.67896897855107,1.47565624056067,3.07583888916054
30.5921173235564,0.803349840774511,-2.89556124922421,1.48012291555945,2.58189153894161
30.6214482126489,0.804587908317616,-3.04902890139559,1.48459387513858,2.23911018173179
30.6507791017415,0.805825401800851,-3.13602009253262,1.48906911929803,2.05552061828147
30.6801099908341,0.807062322022009,-3.15463487323039,1.49354864803782,2.03567217307408
30.7094408799267,0.808298669777032,-3.10446668345626,1.49803246135795,2.18053833390734
30.7387717690192,0.809534445860025,-2.9866112321097,1.50252055925841,2.4874954902877
30.7681026581118,0.810769651063259,-2.80364256596172,1.50701294173921,2.95038023500616
30.7974335472044,0.812004286177173,-2.55955685064493,1.51150960880033,3.55962397738872
30.826764436297,0.813238351990389,-2.25968509155769,1.5160105604418,4.30246192817224
30.8560953253895,0.814471849289706,-1.91057670091954,1.5205157966636,5.16321189162758
30.8854262144821,0.81570477886012,-1.5198564539562,1.52502531746573,6.1236167759122
30.9147571035747,0.816937141484815,-1.09605795839276,1.5295391228482,7.1632433409826
30.9440879926673,0.81816893794518,-0.648437274399435,1.534057212811,8.25992847512912
30.9734188817599,0.81940016902081,-0.186770755662824,1.53857958735414,9.3902632531365
31.0027497708524,0.820630835489513,0.278858473122819,1.54310624647761,10.5301042038962
31.032080659945,0.821860938127313,0.738280738861029,1.54763719018142,11.6551006210228
31.0614115490376,0.82309047770846,1.18146193293715,1.55217241846556,12.7412263996354
31.0907424381302,0.824319455005434,1.59872266327777,1.55671193133003,13.7653047836122
31.1200733272227,0.825547870788948,1.98094965914896,1.56125572877484,14.7055145624643
31.1494042163153,0.826775725827958,2.31979481146231,1.56580381079999,15.5418666621298
31.1787351054079,0.828003020889667,2.60785750140716,1.57035617740546,16.2566407206071
31.2080659945005,0.829229756739527,2.8388462352221,1.57491282859128,16.8347721133051
31.237396883593,0.830455934141251,3.00771605488767,1.57947376435743,17.264180975202
31.2667277726856,0.831681553856813,3.11077872359291,1.58403898470391,17.5360360337341
31.2960586617782,0.832906616646458,3.14578327944717,1.58860848963073,17.6449474901191
31.3253895508708,0.834131123268703,3.11196519808658,1.59318227913788,17.5890847364458
31.3547204399633,0.835355074480346,3.0100630904293,1.59776035322536,17.3702163375084
31.3840513290559,0.83657847103647,2.84230257088835,1.60234271189318,16.993671404151
31.4133822181485,0.83780131369045,2.61234764837202,1.60692935514134,16.4682232017579
31.4427131072411,0.839023603193954,2.32522070172669,1.61152028296983,15.8058975359623
31.4720439963336,0.840245340296954,1.98719278741543,1.61611549537865,15.0217101005648
31.5013748854262,0.841466525747727,1.60564667519045,1.62071499236781,14.1333385241713
31.5307057745188,0.842687160292864,1.18891560315769,1.62531877393731,13.1607362782833
31.5600366636114,0.843907244677273,0.746101273937421,1.62992684008714,12.1256968793627
31.5893675527039,0.845126779644184,0.286875067014011,1.6345391908173,11.0513779030082
31.6186984417965,0.846345765935155,-0.178733191061659,1.6391558261278,9.96179520611002
31.6480293308891,0.847564204290079,-0.640554285208326,1.64377674601863,8.88129840353224
31.6773602199817,0.848782095447186,-1.08850171469499,1.64840195048979,7.83403905528378
31.7066911090742,0.84999944014305,-1.51279198948138,1.6530314395413,6.84344317934759
31.7360219981668,0.851216239112595,-1.90415830858973,1.65766521317313,5.93169961086318
31.7653528872594,0.852432493089097,-2.25405295362042,1.6623032713853,5.11927538226105
31.794683776352,0.853648202804194,-2.55483397699328,1.66694561417781,4.42446870879116
31.8240146654445,0.854863368987887,-2.79993210751094,1.67159224155065,3.86300934255902
31.8533455545371,0.856077992368547,-2.98399422790793,1.67624315350382,3.44771502362119
31.8826764436297,0.857292073672919,-3.10300029073413,1.68089835003733,3.18821153149213
31.9120073327223,0.858505613626128,-3.15435111904655,1.68555783115117,3.09072245133652
31.9413382218148,0.859718612951685,-3.13692517428,1.69022159684535,3.15793324650267
31.9706691109074,0.860931072371489,-3.05110305144593,1.69488964711986,3.38893260614936
32,0.862142992605835,-2.89875916666714,1.69956198197471,3.77923234897571
